Boletos,Ingresos,% Δ,Cantidad,% Δ
Mendoza → Santiago,75120409.020629,3.441707652084685,1446,3.2280701754385963
Santiago → Mendoza,62359117.365655,2.0639508743925314,930,1.897196261682243
Mendoza → Viña Del Mar,66192052.966781005,24.985181666280624,910,17.2
Viña Del Mar → Mendoza,58652281.94886,18.65493181919203,741,15.108695652173912
Bariloche → Puerto Montt,20091749.992508996,2.1727740027589606,348,1.8524590163934427
CORDOBA → Mendoza,17367288.261581,0.4632663986377777,278,0.4256410256410256
Bariloche → Osorno,13681500.019763,1.7535925644943287,258,1.457142857142857
Mendoza → NEUQUEN,17177166.932238,1.4460345128520833,234,1.3636363636363635
Mendoza → CORDOBA,14574550.009687,0.44022956679437314,229,0.3878787878787879
NEUQUEN → Mendoza,15055039.988214,1.2209864570717304,212,1.231578947368421
Retiro Buenos Aires → Mendoza,19169687.594296,0.47291524323535183,208,0.4246575342465753
Puerto Montt → Bariloche,11360999.991794001,1.2480781229719053,196,0.9797979797979798
NEUQUEN → LAS GRUTAS,8831209.98898,5.412298616973241,192,3.8
LAS GRUTAS → NEUQUEN,8251759.142693,4.885033915206152,176,3.4
Bariloche → Puerto Varas,9911235.987207001,1.089259047078811,174,0.9772727272727273
Mendoza → Los Árboles,1179360.0044800001,5.47004587663129,170,4.483870967741935
Mendoza → Puente del Inca,2807770.003723,20.84694994961383,166,17.444444444444443
Salta → San Pedro De Atacama,14553000.011928001,3.812500009646558,154,3.8125
Bariloche → Santiago,12169500.011544,2.062087181593962,154,1.9056603773584906
Mendoza → Retiro Buenos Aires,14095847.588583998,0.43972860239093514,153,0.39090909090909093
Los Árboles → Mendoza,1044480.004253,7.458697215963665,151,6.190476190476191
Puerto Varas → Bariloche,8388735.999282999,2.252961073739566,144,2
Osorno → Bariloche,7741421.511083,2.0142201097800925,144,1.6181818181818182
NEUQUEN → Bariloche,4753444.369942001,3.41040324264421,144,3.3636363636363638
Mendoza → Buenos Aires,13005424.742886,0.6187014898206249,142,0.5604395604395604
Mendoza → Penitentes,2374000.005027,3.262730831959801,140,2.58974358974359
Mendoza → Cipolletti - RNG,10070239.992068,4.39713267627518,137,4.269230769230769
Cipolletti - RNG → Mendoza,9566240.000293,3.1020732881222526,133,3.0303030303030303
CORDOBA → Salta,11223904.988279998,2.11876325221792,132,2
Salta → CORDOBA,9611305.010139002,2.606853454268265,122,2.388888888888889
Buenos Aires → Mendoza,10734240.005850999,0.5814089170125316,118,0.5324675324675324
San Pedro De Atacama → Salta,11056499.989327,0.6027397259409184,117,0.6027397260273972
Puente del Inca → Mendoza,1894589.99515,12.267437044420115,111,10.1
Penitentes → Mendoza,1883209.9943849999,2.5642554912165965,111,2
Santiago → Bariloche,8268750.016442001,1.3542600903858484,107,1.2765957446808511
Bariloche → NEUQUEN,3664109.9933720003,4.438947301630926,107,4.095238095238095
Salta → Calama,9828000.003421,3.521739128401336,104,3.5217391304347827
Mendoza → SAN LUIS,2034760.00182,1.1389256791161209,97,1.2045454545454546
Mendoza → BAHIA BLANCA,11903207.702982001,2.0020397533723484,96,1.8235294117647058
Mendoza → Mar del Plata,12520790.00591,3.702290913565063,94,3.272727272727273
Mar del Plata → Mendoza,12247187.517146999,3.514426451294079,94,2.9166666666666665
BAHIA BLANCA → Mendoza,11260120.009211998,2.2702486095531977,93,2.3214285714285716
Mendoza → Bariloche,8633400.001168,7.492855996337575,87,7.7
BAHIA BLANCA → Retiro Buenos Aires,4777260.000200001,0.8764154798679918,83,0.8444444444444444
Retiro Buenos Aires → Mar del Plata,3734409.994934,0.9926949710386749,78,0.5918367346938775
Mendoza → ROSARIO - SFE,5359469.999797999,9.932116327340529,77,10
TUCUMAN → Salta,2817932.0066589997,5.013178934402631,77,4.5
Mendoza → Las Vegas,589680.0031839999,1.836363613792295,77,1.3333333333333333
ROSARIO - SFE → Mendoza,5409870.0089070005,6.102363138935028,75,6.5
CORDOBA → SANTIAGO DEL ESTERO,3669509.996604,,73,
SAN LUIS → Mendoza,1501294.095756,1.4866154714117223,73,1.7037037037037037
Retiro Buenos Aires → BAHIA BLANCA,4200449.995952999,0.13624252129278827,72,0.14285714285714285
Mendoza → El Salto,548100.007024,2.6249999881960986,72,2
Mendoza → SANTA FE,6906450.0017,6.520334940837426,70,6
TUCUMAN → CORDOBA,4104279.995652,0.9870155671663623,69,1.0909090909090908
Calama → Salta,6426000.008153001,7.500000030595238,68,7.5
TUCUMAN → Mendoza,8481029.993556,1.7397047453813315,67,1.68
SANTA FE → Mendoza,6663570.00175,4.177397929402625,67,3.7857142857142856
Catriel → NEUQUEN,833269.937852,2.236628251094281,67,1.7916666666666667
Caleta Olivia → PUERTO MADRYN,3414315.000826,17.25153691876645,66,15.5
Bariloche → Mendoza,6289530.0019350005,0.6428825877350568,63,0.3404255319148936
Mendoza → Las Cuevas,1070040.006639,1.9973109695895603,63,1.52
NEUQUEN → TRELEW,4802849.998430999,1.303127515713991,62,1.0666666666666667
RIO GALLEGOS → PUERTO MADRYN,8717807.999869999,3.3903852594243507,60,2.75
Mendoza → TUCUMAN,6977799.998741,0.8777313748957691,60,0.9354838709677419
PUERTO MADRYN → NEUQUEN,4544382.217509001,1.9989389847215118,60,1.608695652173913
CORDOBA → TUCUMAN,3606417.0074320002,1.2456498001672254,60,1.4
Caleta Olivia → TRELEW,2844844.995158,8.71493891733193,60,7.571428571428571
TRELEW → Caleta Olivia,2520939.990936,7.888881039072187,60,7.571428571428571
NEUQUEN → PUERTO MADRYN,4369429.994689,1.2702465383052302,58,1
SANTIAGO DEL ESTERO → CORDOBA,2475600.0010789996,,58,
BAHIA BLANCA → PUERTO MADRYN,3927659.9978670003,2.349045428695976,57,2
Mar del Plata → Retiro Buenos Aires,2717359.997802,0.25247050276172683,56,0
Cipolletti - RNG → Bariloche,1751590.001404,9.796955027437706,55,10
CORDOBA → San Salvador de Jujuy,4763960.249232,6.81528001480825,53,4.888888888888889
Bariloche → Valdivia,2877000.00238,2.8055555565895065,53,2.533333333333333
Las Cuevas → Mendoza,907310.0012190001,4.776101238214006,53,3.8181818181818183
Mendoza → Bariloche-guionn,3481391.773496,15.578056014848272,52,25
SIERRA GRANDE - RNG → PUERTO MADRYN,752129.9968529999,1.9599763697387258,52,1.6
NEUQUEN → COMODORO RIVADAVIA,6401265.006498999,,51,
COMODORO RIVADAVIA → NEUQUEN,5897125.004927,,51,
TRELEW → NEUQUEN,4211469.999425,1.0987880169601874,51,0.8214285714285714
Mendoza → Salta,7311509.997932999,3.0250536690174457,50,3.1666666666666665
Retiro Buenos Aires → PUERTO MADRYN,6631490.0034610005,1.5916811233940071,50,1
Cipolletti - RNG → Catriel,570434.994095,2.603278466456529,49,2.2666666666666666
Cipolletti - RNG → PUERTO MADRYN,3447103.85645,4.809366590336516,48,3.8
COMODORO RIVADAVIA → RIO GALLEGOS,4156930.0029519997,,47,
RIO GALLEGOS → COMODORO RIVADAVIA,4064374.001937,,47,
Mendoza → LA RIOJA,3690985.07297,4.477620581369505,47,4.222222222222222
Salta → TUCUMAN,1500256.00734,1.1204552411443072,47,1.2380952380952381
NEUQUEN → Catriel,545739.9947759999,1.4165965577694715,47,1.2380952380952381
Las Vegas → Mendoza,369373.12498,2.0858239671781456,47,1.4736842105263157
Mendoza → Penitenciaria Almafuerte,231840.00736299998,0.5771428864709424,47,0.34285714285714286
PUERTO MADRYN → RIO GALLEGOS,7663919.005604999,3.6395524784363893,45,2.75
BAHIA BLANCA → CORDOBA,4820148.002532,1.0173103957454104,45,1.0454545454545454
San Salvador de Jujuy → Salta,685880.0009930001,2.2667174914494255,45,2.4615384615384617
Santa Rosa - LPA → Mendoza,3816750.008579999,6.285542526619318,44,6.333333333333333
Mendoza → Piedras Blancas,374744.937139,1.2819689310687015,44,0.9130434782608695
CORDOBA → Caleta Olivia,9769455.802261999,21.917232579411657,43,20.5
Retiro Buenos Aires → San Juan,4627230.004977,,43,
PARANA → Mendoza,4102350.0017999997,4.065505154669572,43,4.375
Retiro Buenos Aires → SAN LUIS,3098560.5566310002,0.6912063104584094,42,0.5
Salta → San Salvador de Jujuy,601104.9976819998,21.71749813779836,42,20
LA RIOJA → Salta,3539905.9992890004,4.5039274787891825,41,4.857142857142857
LA RIOJA → Mendoza,3483704.0698050004,2.8753465910061045,41,2.727272727272727
SIERRA GRANDE - RNG → NEUQUEN,2275308.6027340004,4.649712161698696,41,2.727272727272727
CORDOBA → TRELEW,6582575.199777,6.598230695210106,40,5.666666666666667
Mendoza → PARANA,3731699.9980339995,3.6659081197208376,40,4
PUERTO MADRYN → Caleta Olivia,2036454.999605,14.824500672303055,40,12.333333333333334
Bariloche-guionn → Mendoza,3738181.9950449998,4.1592294119223725,39,3.3333333333333335
San Salvador de Jujuy → CORDOBA,3491614.995897,4.426565434119248,39,3.3333333333333335
Mendoza → General Pico - LPM,2599159.998517,4.763487606518294,38,3.75
Catriel → General Roca,768179.999415,1.2304878125120005,38,0.9
RIO GALLEGOS → TRELEW,4971815.998702,2.4469551976681716,37,2.3636363636363638
San Salvador de Jujuy → Calama,3545649.9997519995,3.168900654209953,37,3.111111111111111
Catriel → Mendoza,2313728.003476,1.4458891764271857,37,1.3125
Bariloche → Cipolletti - RNG,1095019.991897,5.206892587761382,37,6.4
General Roca → Catriel,733430.0022780001,1.8165514589017437,37,1.4666666666666666
Catriel → Cipolletti - RNG,424024.998164,2.980707907664769,37,2.7
Caleta Olivia → CORDOBA,8939549.854827,49.95851222640731,36,35
CORDOBA → PUERTO MADRYN,5173751.993494,1.849923976331047,36,1.7692307692307692
Mendoza → Santa Rosa - LPA,3092250.0036430005,2.6995716920338424,36,2.6
Mendoza → Catriel,2214669.999738,1.8114225543344962,36,1.7692307692307692
Retiro Buenos Aires → Caleta Olivia,6248970.005321001,22.8055999377444,35,16.5
NEUQUEN → Caleta Olivia,4106295.0042620003,8.687056972969978,35,7.75
NEUQUEN → GENERAL ALVEAR,1469560.0026540002,1.4181928803813468,35,1.3333333333333333
BAHIA BLANCA → VIEDMA,660860.5489459999,3.785723461465142,35,3.375
El Salto → Mendoza,269639.99945299997,1.6749999698402775,35,1.1875
CORDOBA → COMODORO RIVADAVIA,7425326.833167999,,34,
Salta → Mendoza,4920609.99834,1.4729790161716154,34,1.6153846153846154
Cipolletti - RNG → TRELEW,2679440.004454,4.45566350116494,34,3.857142857142857
PUERTO MADRYN → Cipolletti - RNG,2435669.9969329997,3.222802050455532,34,2.7777777777777777
Mendoza → Caleta Olivia,7977128.813014001,28.349043898441725,33,32
Retiro Buenos Aires → COMODORO RIVADAVIA,5758520.006519999,,33,
SAN LUIS → BAHIA BLANCA,3128289.996402,2.6652489755583217,33,2.6666666666666665
SAN LUIS → Retiro Buenos Aires,2440790.0006179996,0.131992077621059,33,0
San Juan → Santiago,2017418.6062180002,32.12674207995341,33,32
PUERTO MADRYN → BAHIA BLANCA,1985531.43879,2.0465084980335138,33,1.3571428571428572
Retiro Buenos Aires → TRELEW,4557230.000619,2.31946710874015,32,1.2857142857142858
Caleta Olivia → NEUQUEN,3985460.0010479996,13.058059988208697,32,9.666666666666666
CORDOBA → BAHIA BLANCA,3196689.9987310003,1.4080104101505762,31,1.5833333333333333
LINIERS → SAN LUIS,2084581.595626,1.4054159816132945,31,1.3846153846153846
NEUQUEN → SAN ANTONIO OESTE,1190744.958485,4.142051951346997,31,2.4444444444444446
Penitenciaria Almafuerte → Mendoza,153720.004323,0.742857238524784,31,0.47619047619047616
General Pico - LPM → Mendoza,2040430.0006459998,3.0109097270055023,30,2.3333333333333335
Villa la Angostura → Valdivia,1648500.003224,4.2333333166871965,30,4
PUERTO MADRYN → CORDOBA,4236741.998371,0.9033786712435948,29,0.9333333333333333
LINIERS → Mendoza,2759049.9985020002,1.27102865309405,29,1.0714285714285714
BAHIA BLANCA → TRELEW,2371469.999059,1.9444989340461103,29,1.2307692307692308
Valdivia → Bariloche,1575000.009508,2.0612245050689992,29,1.9
TUCUMAN → San Salvador de Jujuy,929850.000316,0.9922226515570124,29,1.0714285714285714
Santa Isabel - LPM → GENERAL ALVEAR,363870.0066089999,14.4706636383883,29,13.5
Villa Regina → NEUQUEN,343379.99516000005,2.5661022025979925,29,1.6363636363636365
Mendoza → COMODORO RIVADAVIA,6434419.994574,,28,
COMODORO RIVADAVIA → Mendoza,6348130.99522,,28,
Resistencia → TRELEW CUSTOM ANDESMAR AR,5746553.669167,,28,
NEUQUEN → SIERRA GRANDE - RNG,1650763.5999780002,5.208445527274889,28,3
SAN LUIS → CORDOBA,1047159.998877,0.12585743108878963,28,0.037037037037037035
San Juan → Retiro Buenos Aires,2885770.008196,13.60262123639458,27,12.5
Parador Purmamarca → San Pedro De Atacama,2551499.9957810002,3.5000000123844797,27,3.5
Mendoza → LINIERS,2437730.002442,0.9251417560245088,27,0.9285714285714286
Villa la Angostura → Santiago,2163000.0066789994,0.9162790696204214,27,0.8
Temuco → Bariloche,1551899.997284,15.60674152122351,27,12.5
PUERTO MADRYN → Mendoza,4792432.99544,1.8346672357524625,26,1.8888888888888888
Mar del Plata → NEUQUEN,2826599.9958539996,,26,
San Salvador de Jujuy → San Pedro De Atacama,2457000.000047,5.500000012832011,26,5.5
NEUQUEN → BAHIA BLANCA,1197010.000056,,26,
CORDOBA → Merlo - SLU,588910.000449,3.8549876714077054,26,4.2
Mendoza → PUERTO MADRYN,4926894.656953,1.3599787778750156,25,1.0833333333333333
LAS GRUTAS → CORDOBA,3347150.004536,,25,
CORDOBA → LAS GRUTAS,3285780.0073969997,,25,
PUNTA ALTA → Mendoza,3106567.205027,29.651871588269422,25,24
Salta → LA RIOJA,2167750.001495,0.46012811274601156,25,0.47058823529411764
Valdivia → Villa la Angostura,1344000.000784,,25,
Mendoza → Chacritas,166849.99726700003,2.744389557924175,25,2.125
Buenos Aires → PUERTO MADRYN,3167549.997397,2.2969555000417126,24,1.6666666666666667
San Pedro De Atacama → Parador Purmamarca,2268000.003403,2.000000000612434,24,2
Merlo - SLU → CORDOBA,537000.003087,4.582120616240895,24,5
BAHIA BLANCA → Gral San Martin - LPM,378030.002419,1.6753716120763236,24,1.4
GENERAL ALVEAR → Santa Isabel - LPM,278469.99937599996,22.679422813034474,24,23
COMODORO RIVADAVIA → CORDOBA,4587351.00373,,23,
NEUQUEN → Mar del Plata,2492699.99577,,23,
Villa Carlos Paz → Mendoza,1332250.002229,2.890418243235822,23,2.8333333333333335
Bariloche → Plottier,782819.997324,24.886905104005066,23,22
San Juan → Mendoza,649739.9980489999,11.375999903433296,23,10.5
PUERTO MADRYN → SIERRA GRANDE - RNG,333520.00113,2.3825557494082923,23,1.875
TRELEW → RIO GALLEGOS,3392456.000407,3.168634996200889,22,2.6666666666666665
Calama → San Salvador de Jujuy,2128149.997105,0.7323158317021918,22,0.6923076923076923
Villa la Angostura → Puerto Montt,1254749.997631,0.1402671674064243,22,0.047619047619047616
BAHIA BLANCA → NEUQUEN,1009050.0005669999,,22,
VIEDMA → TRELEW,897436.0002,1.5896291973994336,22,0.6923076923076923
SAN LUIS → General Pico - LPM,880670.0009929999,2.4945835854371743,22,2.142857142857143
Mendoza → San Juan,603779.997274,15.591920813928073,22,21
Caleta Olivia → COMODORO RIVADAVIA,440609.996007,,22,
COMODORO RIVADAVIA → Retiro Buenos Aires,3620720.00233,,21,
Caleta Olivia → Retiro Buenos Aires,3583259.998272,,21,
Mendoza → Añelo,2373000.002107,2.5857025250670183,21,2.5
COMODORO RIVADAVIA → BAHIA BLANCA,2169277.995941,,21,
BAHIA BLANCA → SAN LUIS,1976009.997393,1.6173357885027166,21,1.625
Santa Rosa - LPA → Monte Hermoso,1127599.9984900001,,21,
PUERTO MADRYN → LAS GRUTAS,701780.003547,6.76133595817221,21,2.5
San Salvador de Jujuy → TUCUMAN,641879.996069,1.7750972325741834,21,2
SIERRA GRANDE - RNG → TRELEW,430293.5694229999,24.61271240314754,21,20
Piedras Blancas → Mendoza,179240.00197699998,0.4766848127906904,21,0.23529411764705882
CATAMARCA → Salta,1707113.9973169998,7.602237349267865,20,5.666666666666667
SAN LUIS → LINIERS,1472806.073925,1.7604417161193666,20,1.5
Mendoza → Cinco Saltos,1450369.999541,0.7445122044094199,20,0.5384615384615384
General Roca → TRELEW,1401179.999936,1.436029828638477,20,1.5
General Roca → PUERTO MADRYN,1166959.99816,10.773204058998486,20,9
SANTIAGO DEL ESTERO → Salta,979717.999893,,20,
CORRIENTES → PARANA,910079.004639,0.9107063898667288,20,0.8181818181818182
CORDOBA → SAN LUIS,760240.0007030001,0.12954460907596854,20,0.05263157894736842
Mendoza → RIO CUARTO,726939.9976040001,2.1267581375758646,20,1.8571428571428572
RESISTENCIA → Goya Terminal,399261.998106,,20,
NEUQUEN → Villa Regina,204140.001751,2.676873379857767,20,2.3333333333333335
TRELEW → CORDOBA,2923240.99681,1.5531202527663222,19,1.7142857142857142
Cipolletti - RNG → Caleta Olivia,2452019.998104,,19,
Mendoza → CATAMARCA,1802981.9982760001,0.3244268460312978,19,0.35714285714285715
Salta → SANTIAGO DEL ESTERO,975489.998657,,19,
CORDOBA → Realico - LPM,772036.0001760001,2.4722279408913757,19,2.1666666666666665
RIO CUARTO → Mendoza,767909.9994030001,1.0751519998589765,19,0.7272727272727273
SAN ANTONIO OESTE → NEUQUEN,761584.997099,1.7376433247337042,19,1.1111111111111112
PUERTO MADRYN → VIEDMA,633059.9995739999,3.555109384768019,19,2.8
Cinco Saltos → Bariloche,615555.002276,2.074086110092156,19,2.1666666666666665
TRELEW → TUCUMAN,3966876.9992800006,22.550682809435298,18,17
RESISTENCIA → Mendoza,3055499.999718,7.47149826373111,18,3.5
Mendoza → San Francisco - CBA,1700059.9976279999,18.72456184543387,18,17
Mendoza → Valparaíso,1513049.995466,,18,
Santiago → San Juan,1096199.9991849998,,18,
Bariloche → Temuco,1029000.0004400002,3.9494949283280145,18,3.5
Villa la Angostura → Osorno,955500.001391,-0.029850747134688948,18,-0.18181818181818182
BAHIA BLANCA → Cipolletti - RNG,795900.0008469999,,18,
GENERAL ALVEAR → NEUQUEN,761485.001749,0.16078261190874488,18,0.125
Plottier → Bariloche,613959.997977,2.831502769362014,18,2.6
Cinco Saltos → Catriel,174065.000012,2.7741760816095984,18,2.6
San Juan → Mar del Plata,2509499.997949,,17,
LA PLATA → PUERTO MADRYN,2378119.998295,3.977749869068786,17,2.4
BAHIA BLANCA → COMODORO RIVADAVIA,1935540.002217,,17,
San Pedro De Atacama → San Salvador de Jujuy,1606499.9985459999,2.3999999977214808,17,2.4
Mendoza → SANTA ROSA - LPM,1323000.001931,16.999999945455784,17,16
SANTA ROSA - LPM → Mendoza,1187559.999315,,17,
TRELEW → Cipolletti - RNG,1174680.0013289999,1.5309288348397085,17,1.4285714285714286
LINIERS → BAHIA BLANCA,1026230.0023970001,7.144682637761484,17,7.5
COMODORO RIVADAVIA → Luis Piedrabuena,986749.9991509999,,17,
BAHIA BLANCA → Buenos Aires,971920.000169,0.37773052928914885,17,0.3076923076923077
Villa Regina → PUERTO MADRYN,908090.006393,1.9295116152377143,17,1.8333333333333333
Monte Hermoso → Santa Rosa - LPA,905549.9994280001,,17,
Buenos Aires → Mar del Plata,889370.00231,0.16444742147575392,17,-0.15
TRELEW → LAS GRUTAS,707194.998728,,17,
LAS GRUTAS → TRELEW,687859.9984609999,,17,
BAHIA BLANCA → Santa Rosa - LPA,503590.003324,3.379424311209268,17,3.25
San Francisco - CBA → SANTA FE,262970.00003799994,3.9729576408461775,17,3.25
CORDOBA → RIO GALLEGOS,4812789.001387,1.8593192494853141,16,2.2
Mendoza → TRELEW,3833578.002062,0.6108932584484499,16,0.23076923076923078
Mendoza → LAS GRUTAS,2194072.004784,6.087688690147091,16,7
COMODORO RIVADAVIA → Cipolletti - RNG,2097660.001887,,16,
Salta → RIO CUARTO,1957585.9980680002,3.9037725631847278,16,3
Mendoza → PUNTA ALTA,1790880.000355,6.431037319662316,16,7
CATAMARCA → Mendoza,1497279.995971,1.3350124007914408,16,1.2857142857142858
Santiago → Villa la Angostura,1281000.00481,0.43529411876189167,16,0.3333333333333333
Cinco Saltos → Mendoza,1147439.99765,0.3488027542577221,16,0.23076923076923078
SAN LUIS → Santa Rosa - LPA,991674.946981,1.0470542181140943,16,0.7777777777777778
Buenos Aires → BAHIA BLANCA,971529.9956660001,1.1719874629554219,16,1
PUERTO MADRYN → General Roca,853909.9995060001,0.49256262225703457,16,0.7777777777777778
BAHIA BLANCA → General Pico - LPM,755450.000233,0.4556718080060162,16,0.45454545454545453
General Pico - LPM → SAN LUIS,644200.001772,1.8961920725436552,16,1.6666666666666667
TRELEW → Mendoza,3414482.0001910003,2.0062934819737532,15,1.5
LAS GRUTAS → Mendoza,2250342.0014440003,2.9625603793597106,15,2.75
Mar del Plata → San Juan,2236499.9983670004,,15,
PUERTO MADRYN → Retiro Buenos Aires,2024380.00361,0.2557643257452164,15,-0.11764705882352941
Mendoza → General Roca,1576500.0000940003,1.1819163191624642,15,0.875
VIEDMA → Retiro Buenos Aires,1221979.9981870002,0.584887560392134,15,0.36363636363636365
BAHIA BLANCA → RIO CUARTO,1142070.003087,1.7056858612392245,15,2
TRELEW → General Roca,1002019.9989530001,2.132095514577486,15,2.75
San Martin (MZA) → CORDOBA,993759.99937,3.0794745318201984,15,2.75
NEUQUEN → Tunuyan - Mza,821049.995107,,15,
LINIERS → Mar del Plata,725670.0002080001,0.19445952156961568,15,-0.11764705882352941
RESISTENCIA → PARANA,712957.999757,7.397620725331565,15,6.5
BAHIA BLANCA → SANTA ROSA - LPM,451771.60205200006,0.25989068507852403,15,0.15384615384615385
Santa Rosa - LPA → BAHIA BLANCA,423360.003742,0.3372500846678109,15,0.25
SAN LUIS → San Martin (MZA),329910.000289,2.2061224413191725,15,2
Buenos Aires → COMODORO RIVADAVIA,2350830.0010249997,,14,
Mendoza → RINCÓN DE LOS SAUCES,1701000.000504,,14,
Cipolletti - RNG → COMODORO RIVADAVIA,1585520.003816,,14,
General Roca → Mendoza,1523980.001075,4.56603361621483,14,3.6666666666666665
Retiro Buenos Aires → VIEDMA,1120419.997781,1.8954413841924551,14,1.8
CORDOBA → Perico,1071444.999552,,14,
Cipolletti - RNG → Lujan Azcuenaga - MZA,989289.9997659998,2.458814059010048,14,2.5
COMODORO RIVADAVIA → Pto San Julian,767999.9995469998,,14,
PARANA → RESISTENCIA,664817.999284,6.419429721269254,14,6
La Quiaca → Salta,491400.002324,,14,
LAS GRUTAS → PUERTO MADRYN,439702.99942,3.3816940519606895,14,1.8
Salta → La Quiaca,412649.999652,0.32323230451573637,14,0.4
COMODORO RIVADAVIA → TUCUMAN,3338249.9999260004,,13,
Caleta Olivia → Mendoza,2814353.8203510004,12.464776974333441,13,12
Gral Guemes → BAHIA BLANCA,2642593.678498,,13,
LAS GRUTAS → RIO GALLEGOS,2491060.001802,17.01434742363393,13,12
Caleta Olivia → General Roca,1850020.0019190002,,13,
Caleta Olivia → BAHIA BLANCA,1791708.003674,19.07515959526411,13,12
San Martin (MZA) → Mar del Plata,1737760.001353,2.6990144659570703,13,2.25
Añelo → Mendoza,1533000.0040270002,1.9778844100924922,13,1.6
Buenos Aires → San Juan,1455269.9986079999,,13,
Retiro Buenos Aires → LAS GRUTAS,1409660.000818,4.192117853824384,13,5.5
General Roca → COMODORO RIVADAVIA,1382925.0016609998,,13,
San Francisco - CBA → Mendoza,1245299.999658,3.374879492493869,13,3.3333333333333335
RIO CUARTO → BAHIA BLANCA,1068730.001155,3.219892598051982,13,3.3333333333333335
Lujan Azcuenaga - MZA → NEUQUEN,1009790.002745,1.2665424659884643,13,1.1666666666666667
NEUQUEN → Lujan Azcuenaga - MZA,998250.001803,2.359301412354337,13,2.25
Plottier → Mendoza,985550.0021580001,2.506297145859835,13,2.25
Pto San Julian → COMODORO RIVADAVIA,768755.997388,,13,
Mendoza → Mina Clavero,701780.001135,0.9387794675864035,13,0.625
SAN LUIS → SANTA ROSA - LPM,656440.001904,,13,
General Pico - LPM → BAHIA BLANCA,636839.9963550001,2.4822834180350513,13,2.25
Villa Dolores - CBA → Mendoza,607669.999986,3.072309318975185,13,2.25
Mar del Plata → Buenos Aires,604920.003826,-0.4805234892765246,13,-0.5517241379310345
Catriel → LAS GRUTAS,600820.002116,17.458371609126587,13,12
Mendoza → Villa Dolores - CBA,597050.002014,7.435292425911452,13,5.5
PARANA → CORRIENTES,585409.0012329998,0.15944615855228372,13,0.18181818181818182
Cipolletti - RNG → BAHIA BLANCA,551249.999526,,13,
Retiro Buenos Aires → Vedia  Bs. As.,419350.00073200004,1.3939601611909818,13,1.1666666666666667
Mendoza → Villa Mercedes - SLU,411829.999463,2.631657813677527,13,2.25
TRELEW → SIERRA GRANDE - RNG,268859.99851000006,,13,
VIEDMA → BAHIA BLANCA,248859.998423,1.9626189828893748,13,1.6
Catriel → Cinco Saltos,131100.000821,0.6185185481964337,13,0.4444444444444444
TUCUMAN → BAHIA BLANCA,2072099.9991650002,,12,
Mendoza → Roque Saenz Peña,1786800.001274,10.90009987902273,12,11
BAHIA BLANCA → Caleta Olivia,1761390.001538,18.73546210127316,12,11
Caleta Olivia → Cipolletti - RNG,1648199.998242,15.787533014625167,12,11
RIO CUARTO → Salta,1422780.001211,3.2241553398928966,12,3
TUCUMAN → San Juan,1276669.997453,,12,
LA PLATA → Mendoza,1178710.001713,3.7647748748521397,12,3
NEUQUEN → RAWSON,943573.51863,2.173809340056213,12,2
Lujan Azcuenaga - MZA → Cipolletti - RNG,901430.0023990001,1.1187185699024758,12,1
CORRIENTES → ROSARIO - SFE,891929.9997880001,,12,
Santa Rosa - LPA → SAN LUIS,744669.998802,1.2453490064704347,12,1
Villa la Angostura → Puerto Varas,735000.0022639999,4.263157891690127,12,3
PUERTO MADRYN → Villa Regina,677939.998871,2.6764642277200656,12,2
BAHIA BLANCA → SIERRA GRANDE - RNG,677650.001458,8.040154777574326,12,11
Osorno → Villa la Angostura,651000.002875,0.1293260484476384,12,0
Mendoza → Villa Carlos Paz,628340.002231,1.1756072337964918,12,1.4
Pto Santa Cruz → COMODORO RIVADAVIA,590320.001331,,12,
BAHIA BLANCA → LAS GRUTAS,545500.001323,1.566092776478755,12,1
VIEDMA → PUERTO MADRYN,461670.00047900004,0.500152556036278,12,0.2
Caleta Olivia → RAWSON,449460.002311,14.01703990639387,12,11
RAWSON → Caleta Olivia,411935.000797,4.603566704141221,12,5
TUCUMAN → Perico,364159.99670300004,12.87276165496766,12,11
SANTIAGO DEL ESTERO → TUCUMAN,235039.999767,,12,
Mendoza → Las Avispas,46749.998351,1.2454369491917392,12,1
RIO GALLEGOS → CORDOBA,3109039.0032010004,0.9117747658315036,11,0.8333333333333334
RIO GALLEGOS → LAS GRUTAS,2161966.000232,2.714411872054306,11,1.75
LA PLATA → COMODORO RIVADAVIA,1803859.9985449999,,11,
LINIERS → PUERTO MADRYN,1654589.9951920002,8.848749970501602,11,4.5
LAS GRUTAS → LINIERS,1514710.0017859999,20.5310589855422,11,10
LINIERS → LAS GRUTAS,1511510.0028310001,16.23893710714818,11,10
San Juan → Buenos Aires,1205310.000181,,11,
Mendoza → Villa Regina,1070166.996569,7.69524274236555,11,10
Villa Regina → Mendoza,1033127.999865,8.234250958549096,11,10
Lujan Azcuenaga - MZA → Cinco Saltos,793840.0005290001,1.9033720894255803,11,1.75
Mendoza → Plottier,782070.002394,3.243692012461918,11,2.6666666666666665
Retiro Buenos Aires → Villa Mercedes - SLU,642320.000769,0.7339380174640495,11,0.8333333333333334
Luis Piedrabuena → COMODORO RIVADAVIA,631330.998252,,11,
Villa Mercedes - SLU → Retiro Buenos Aires,630450.0016719999,0.7018950446572181,11,0.8333333333333334
Mendoza → Villa Maria - CBA,576979.99994,,11,
Mina Clavero → Mendoza,574929.999222,0.6183814229749474,11,0.375
Santiago → Osorno,564900.001132,2.7361111054028884,11,2.6666666666666665
Entre Lagos → Bariloche,540749.998424,,11,
CORRIENTES → SANTA FE,536917.999288,1.1787673543578823,11,1.2
Retiro Buenos Aires → Cnel Pringles Bs As,521329.998749,1.3890548606044495,11,1.2
TRELEW → VIEDMA,441930.002195,0.028088482014945633,11,-0.21428571428571427
Bariloche → Cinco Saltos,373130.000315,0.40623352342265534,11,0.375
SANTA ROSA - LPM → BAHIA BLANCA,346980.000879,0.23304904130863868,11,0.1
San Martin (MZA) → SAN LUIS,240660.000216,2.819999999305397,11,2.6666666666666665
LA RIOJA → CATAMARCA,221330.00150399999,11.469296091906308,11,10
Mendoza → Punta de Vacas,190159.99783900002,0.5124472906916552,11,0.2222222222222222
Cnia 25 de Mayo - LPM → NEUQUEN,162119.999939,2.211568896967575,11,1.75
Huinca Renanco → Realico - LPM,23750.001522,14.03165217453781,11,10
LA PLATA → Caleta Olivia,2010539.9979369997,,10,
RIO CUARTO → Caleta Olivia,1944619.999589,,10,
ROSARIO - SFE → TRELEW,1669320.0032099998,3.8229515746110767,10,4
PARANA → PUERTO MADRYN,1646930.00182,10.87747006221605,10,9
COMODORO RIVADAVIA → Buenos Aires,1389210.000966,,10,
COMODORO RIVADAVIA → LINIERS,1380759.999917,,10,
LA PLATA → TRELEW,1364380.002196,3.5274090701447993,10,2.3333333333333335
Mendoza → San Salvador de Jujuy,1319729.999793,9.260690390037297,10,9
San Juan → TUCUMAN,1161639.998773,,10,
RIO CUARTO → LAS GRUTAS,1053930.99838,9.42154643849118,10,9
SANTA FE → SAN LUIS,692299.299255,2.114677185165949,10,2.3333333333333335
SAN LUIS → SANTA FE,637160.001187,1.161916400313782,10,1.5
SANTA ROSA - LPM → CORDOBA,550580.001414,2.132388907540984,10,2.3333333333333335
Osorno → Santiago,530250.001076,9.099999980480002,10,9
CATAMARCA → SANTIAGO DEL ESTERO,425459.998082,,10,
PUERTO MADRYN → Choele Choel,397889.99730900006,7.205609377611154,10,9
General Pico - LPM → Villa Mercedes - SLU,341209.99792800006,10.605782533383055,10,9
CATAMARCA → TUCUMAN,331739.999692,1.7240925936328813,10,1.5
Realico - LPM → CORDOBA,330089.999157,2.132378008004289,10,1.5
CORDOBA → Villa Mercedes - SLU,297510.00085199997,1.8442638237896651,10,1.5
NEUQUEN → Choele Choel,265339.99919,1.0151894749164831,10,0.42857142857142855
Huinca Renanco → SANTA ROSA - LPM,238833.998815,1.4563817506812928,10,1
Jacinto Arauz Acc → BAHIA BLANCA,120349.997329,,10,
COMODORO RIVADAVIA → Salta,2341098.001108,,9,
RINCÓN DE LOS SAUCES → Mendoza,1071000.000529,,9,
TRELEW → Retiro Buenos Aires,1065870.001311,0.9009630801961169,9,0.8
LAS GRUTAS → Caleta Olivia,1001089.999537,,9,
SAN ANTONIO OESTE → Caleta Olivia,921874.0011389999,13.16089089774205,9,8
RIO CUARTO → TUCUMAN,864910.000928,,9,
Villa Mercedes - SLU → BAHIA BLANCA,795379.999649,7.416719577814846,9,8
TRELEW → BAHIA BLANCA,686189.9992379999,0.9333652489602804,9,0.125
Cinco Saltos → Lujan Azcuenaga - MZA,652090.001324,7.28050802240373,9,8
Puerto Varas → Villa la Angostura,593250.0010899999,,9,
TUCUMAN → CORRIENTES,589680.001746,,9,
SAN LUIS → Buenos Aires,573390.001222,0.651706755218389,9,0.8
Puerto Montt → Villa la Angostura,545999.999747,0.03999999450628596,9,-0.1
COMODORO RIVADAVIA → LAS GRUTAS,536789.997735,,9,
Tunuyan - Mza → NEUQUEN,499719.99980999995,7.233975919158571,9,8
San Juan → CORDOBA,405620.00225,,9,
GENERAL ALVEAR → Cipolletti - RNG,371530.00019999995,,9,
SANTA FE → CORRIENTES,331786.001553,1.5350397384041545,9,2
Villa Mercedes - SLU → Mendoza,282879.99875399994,1.4945325963325087,9,1.25
Villa Mercedes - SLU → CORDOBA,273769.999534,4.234608010172468,9,3.5
Senillosa → Bariloche,256140.00473000002,,9,
BAHIA BLANCA → Choele Choel,220500.000246,,9,
RIO CUARTO → Realico - LPM,216189.99858999997,1.6497119166627014,9,1.25
BAHIA BLANCA → Padre Buodo Acc,209190.00045100003,1.0851233616332683,9,1.25
SANTA ROSA - LPM → Huinca Renanco,201399.999059,1.8779651871821756,9,0.8
COMODORO RIVADAVIA → Caleta Olivia,170320.000095,,9,
Bella Vista - COR → RESISTENCIA,98576.999205,4.470422150583984,9,3.5
Salta → Perico,92639.998636,2.836024884974706,9,2
COMODORO RIVADAVIA → San Salvador de Jujuy,2390439.9992460003,,8,
BAHIA BLANCA → TUCUMAN,1660790.001495,,8,
Caleta Olivia → RIO CUARTO,1642856.0004440001,,8,
SANTA FE → TRELEW,1604219.99693,,8,
LAS GRUTAS → ROSARIO - SFE,1385070.000955,11.746825039637809,8,7
ROSARIO - SFE → LAS GRUTAS,1331840.000758,8.05157712002317,8,7
Salta → San Juan,1257200.000614,,8,
LAS GRUTAS → Retiro Buenos Aires,1135080.003082,3.802945033564832,8,3
SAN ANTONIO OESTE → CORDOBA,1076469.999178,3.429553098637393,8,3
PUNTA ALTA → CORDOBA,1029715.0003399999,1.6319939716122722,8,1.6666666666666667
SIERRA GRANDE - RNG → CORDOBA,1029123.002574,,8,
PUERTO MADRYN → Buenos Aires,996409.999531,0.9248720113521005,8,0.6
CORDOBA → PUNTA ALTA,941305.000658,6.2180431206007825,8,7
LAS GRUTAS → RIO CUARTO,886134.9985,,8,
COMODORO RIVADAVIA → General Roca,884280.0022829999,,8,
Caleta Olivia → LAS GRUTAS,801889.999827,,8,
Caleta Olivia → VIEDMA,757789.997594,10.455630978727815,8,7
LA RIOJA → San Salvador de Jujuy,728990.0018059999,0.8033147891362501,8,0.6
BAHIA BLANCA → Villa Mercedes - SLU,708759.998678,8.88232002599518,8,7
Lujan Terminal - BUE → Mendoza,685249.997956,3.0134121911828013,8,3
CATAMARCA → San Juan,654680.0008960001,,8,
El Talar Terminal → SAN LUIS,632189.998668,3.506629570171997,8,3
CORDOBA → San Martin (MZA),513359.9985809999,1.7622275889983317,8,1.6666666666666667
BAHIA BLANCA → LINIERS,478859.999604,1.0824527100882495,8,1
BAHIA BLANCA → SAN ANTONIO OESTE,395229.99543600006,2.840913454612367,8,1.6666666666666667
Bariloche → Entre Lagos,377999.998265,,8,
SANTIAGO DEL ESTERO → RESISTENCIA,374640.000123,,8,
GENERAL ALVEAR → Cinco Saltos,364979.99984199996,4.096062483268657,8,3
SANTIAGO DEL ESTERO → CATAMARCA,315870.001812,,8,
TUCUMAN → CATAMARCA,258810.00008099998,3.633190076804044,8,3
Vedia  Bs. As. → Retiro Buenos Aires,255460.001047,0.25582539684505,8,0.14285714285714285
Barda del Medio Acc → GENERAL ALVEAR,224585.00192100002,7.290328605426358,8,7
Choele Choel → NEUQUEN,206540.00023,0.10137045885238292,8,-0.1111111111111111
RESISTENCIA → Esquina Acc,177592.000978,0.7084367525201203,8,0.6
Goya Terminal → RESISTENCIA,125790.002079,,8,
Mendoza → La Paz (MZA),121399.996116,1.4279999533012793,8,1
SANTA FE → San Francisco - CBA,121299.999673,6.750798386165637,8,7
RESISTENCIA → Goya Acc,111527.00029299999,-0.6423582603778234,8,-0.6
RESISTENCIA → Bella Vista - COR,98782.001122,0.6509894676531537,8,0.3333333333333333
BAHIA BLANCA → Jacinto Arauz Acc,96279.99965700001,1.2250981093934183,8,0.6
CORRIENTES → TRELEW,1555029.999203,4.723966588617222,7,6
TUCUMAN → PUNTA ALTA,1334730.000755,,7,
RIO CUARTO → COMODORO RIVADAVIA,1266168.002343,,7,
Mendoza → RESISTENCIA,1212749.998374,3.1323088365167058,7,1.3333333333333333
San Salvador de Jujuy → Mendoza,1072280.0012359999,1.7787193225237774,7,1.3333333333333333
Roque Saenz Peña → Mendoza,1051049.998722,6.944444429620392,7,2.5
RAWSON → RIO GALLEGOS,1008360.003057,,7,
TRELEW → ROSARIO - SFE,980170.000884,,7,
SANTIAGO DEL ESTERO → Mendoza,896700.0015809999,,7,
San Martin (MZA) → BAHIA BLANCA,849140.001297,7.588449539313641,7,6
PUERTO MADRYN → LA PLATA,756810.0017830001,0.3347619103759528,7,0.16666666666666666
SANTA ROSA - LPM → PUERTO MADRYN,712545.9956039999,,7,
TRELEW → SANTA ROSA - LPM,711849.9987570001,,7,
Almafuerte - CBA → BAHIA BLANCA,621800.0000299999,1.1264662695022067,7,1.3333333333333333
SIERRA GRANDE - RNG → Caleta Olivia,597879.999924,,7,
RIO CUARTO → PUNTA ALTA,593249.9992559999,,7,
Rio Colorado → Buenos Aires,577010.002827,,7,
Retiro Buenos Aires → San Martin (MZA),566499.9982419999,0.3517705389763153,7,0.4
RINCÓN DE LOS SAUCES → GENERAL ALVEAR,538670.000545,,7,
RAWSON → NEUQUEN,528779.998842,1.533563300465632,7,1.3333333333333333
Moreno Las Piedras → Mendoza,473400.002168,4.52613883424187,7,6
COMODORO RIVADAVIA → Pto Santa Cruz,413070.001285,,7,
SIERRA GRANDE - RNG → BAHIA BLANCA,385459.999083,,7,
SANTA FE → RIO CUARTO,339360.000743,0.29201248980112054,7,0.16666666666666666
LAS GRUTAS → Catriel,337480.000205,8.424183071350408,7,6
CORDOBA → Eduardo Castex,331321.99948399997,4.4102220115773445,7,6
Cipolletti - RNG → GENERAL ALVEAR,326284.997614,3.115602958120569,7,2.5
CORDOBA → San Juan,318680.004144,,7,
SANTA ROSA - LPM → SAN LUIS,302630.001207,,7,
Choele Choel → PUERTO MADRYN,293910.001032,7.2074839422852435,7,6
TUCUMAN → Tilcara,289720.001649,,7,
Merlo - SLU → Mendoza,277630.00118900003,1.9083386068307393,7,1.3333333333333333
Catriel → RINCÓN DE LOS SAUCES,262500.000983,,7,
LAS GRUTAS → BAHIA BLANCA,247290.000079,1.3944807573515894,7,2.5
Villa Mercedes - SLU → General Pico - LPM,220499.998584,3.382826520272202,7,2.5
Caucete → Villa Carlos Paz,213140.003267,,7,
Villa Carlos Paz → Caucete,213140.003267,,7,
CORRIENTES → Gancedo acc,204759.99933599998,,7,
CORRIENTES → Charata acc - CHA,165230.00101900002,2.6250548749506972,7,2.5
CATAMARCA → LA RIOJA,165090.001555,,7,
Cinco Saltos → Piedra del Aguila,124949.997319,6.0000001101960825,7,6
Perico → Salta,92710.001611,0.6810517192268479,7,0.4
GENERAL ALVEAR → Algarrobo del Aguila,88550.000072,1.7819668690290935,7,1.3333333333333333
Cnia 25 de Mayo - LPM → Catriel,51229.998675,,7,
RIO GALLEGOS → Salta,2199765.999891,5.740181268155801,6,5
TUCUMAN → PUERTO MADRYN,1550170.3992060001,0.939871103092708,6,0.5
Salta → COMODORO RIVADAVIA,1421568.999077,,6,
CORRIENTES → BAHIA BLANCA,1156834.99697,1.203243428576016,6,1
SANTA FE → PUERTO MADRYN,1060915.000756,6.18825799239228,6,5
PUERTO MADRYN → SANTA FE,1058134.9994100002,2.5847110104285362,6,2
TRELEW → PARANA,1012543.0000369999,,6,
Monte Hermoso → Mendoza,976500.002776,,6,
RIO GALLEGOS → RAWSON,959303.0013620001,,6,
Pergamino Terminal → PUERTO MADRYN,936251.9987410001,,6,
Mendoza → Monte Hermoso,897749.9992989999,,6,
Cinco Saltos → Caleta Olivia,878230.000791,,6,
RIO CUARTO → TRELEW,858480.000676,5.372327800532538,6,5
Retiro Buenos Aires → RAWSON,805669.998761,0.45598627213100135,6,0
CORDOBA → SIERRA GRANDE - RNG,803447.139706,4.392660806632359,6,5
RIO CUARTO → San Salvador de Jujuy,774590.001591,6.2182461980444055,6,5
TUCUMAN → RIO CUARTO,708989.99927,,6,
GENERAL ALVEAR → LINIERS,695119.999798,6.072853072812778,6,5
BAHIA BLANCA → ROSARIO - SFE,675747.9995990001,1.486287218366394,6,1
Mar del Plata → SAN LUIS,663499.998854,2.3291520192295643,6,2
Perico → Mendoza,654480.0012080001,,6,
San Juan → SANTIAGO DEL ESTERO,634950.0013580001,,6,
BAHIA BLANCA → San Martin (MZA),630629.999726,1.7730970606276422,6,2
SANTA ROSA - LPM → TRELEW,607950.001092,7.7411934513985825,6,5
SANTA FE → San Martin (MZA),588629.99918,,6,
SAN ANTONIO OESTE → COMODORO RIVADAVIA,571530.0006060001,,6,
Mendoza → LA PLATA,563849.999132,1.365638763096472,6,1
COMODORO RIVADAVIA → Choele Choel,534240.000337,,6,
CORDOBA → Metan,532011.998871,,6,
LINIERS → San Martin (MZA),524600.001397,1.8161906978102713,6,2
Choele Choel → Caleta Olivia,504537.997611,,6,
San Salvador de Jujuy → LA RIOJA,504019.999352,0.31687307332440146,6,0.5
San Juan → CATAMARCA,499630.00284100004,,6,
GENERAL ALVEAR → RINCÓN DE LOS SAUCES,453620.00262300007,,6,
Metan → CORDOBA,447679.998045,,6,
Eugenio Bustos → NEUQUEN,422700.001545,,6,
LINIERS → Villa Mercedes - SLU,404060.001048,,6,
Mendoza → Cnia 25 de Mayo - LPM,376559.99960000004,1.3361250655437236,6,1
Mendoza → Barda del Medio Acc,376120.001362,2.2592720735238356,6,2
LA RIOJA → San Juan,359880.00064200006,,6,
CORDOBA → SANTA ROSA - LPM,346749.997585,1.3478231229982358,6,0.5
Choele Choel → TRELEW,335789.999562,0.5418063174966635,6,0.2
Eduardo Castex → SAN LUIS,289499.998036,0.8567213816694711,6,0.5
Villa Maria - CBA → Mendoza,261980.00054699997,1.6972099294749345,6,2
Cinco Saltos → SAN ANTONIO OESTE,259559.99754699998,3.9439999154192766,6,2
SAN ANTONIO OESTE → Cinco Saltos,259559.99754699998,,6,
BAHIA BLANCA → Huinca Renanco,254479.999828,,6,
Choele Choel → Catriel,246210.000808,3.252331661006847,6,2
SAN ANTONIO OESTE → BAHIA BLANCA,245080.00017900002,1.7786847929979588,6,1
Mendoza → Algarrobo del Aguila,234359.998944,7.266666437549682,6,5
General Roca → BAHIA BLANCA,229949.99696100003,,6,
GENERAL ALVEAR → Catriel,193189.999056,0.13148645260331843,6,0
Bariloche → Senillosa,178950.00362899998,5.954916682899478,6,5
ROSARIO - SFE → PARANA,130080.000399,,6,
Punta de Vacas → Mendoza,108989.999484,-0.13314244540903883,6,-0.3333333333333333
Piedra del Aguila → Cinco Saltos,107099.999413,0.49999998463585443,6,0.5
NEUQUEN → Cnia 25 de Mayo - LPM,99550.001341,7.386689097572196,6,5
CORRIENTES → Roque Saenz Peña,89249.99970500001,4.000000076190478,6,5
Salta → Palpalá,83540.000696,,6,
Goya Acc → RESISTENCIA,72086.999297,-0.6696408983720029,6,-0.5384615384615384
Cinco Saltos → Cnia 25 de Mayo - LPM,62709.99881,,6,
Mendoza → Manantiales (Mza),51460.000537,0.8018207525194883,6,0.5
Las Avispas → Mendoza,24470.000345,2.5259365932488436,6,2
Luis Piedrabuena → Salta,2019420.99832,,5,
Pto San Julian → CORDOBA,1582150.0020849998,2.279781103991462,5,1.5
RESISTENCIA → TRELEW,1355529.998974,0.10693440397233908,5,-0.16666666666666666
CORDOBA → Pto San Julian,1323555.0007040002,3.9367591411753855,5,4
VIEDMA → CORRIENTES,1090375.311694,,5,
COMODORO RIVADAVIA → SANTIAGO DEL ESTERO,995230.0017619999,,5,
BAHIA BLANCA → San Salvador de Jujuy,937139.998812,,5,
Padre Buodo Acc → Perico,904190.0024519999,,5,
SIERRA GRANDE - RNG → RIO GALLEGOS,880076.998248,,5,
Mendoza → CORRIENTES,866250.0000179999,9.576923141585892,5,4
Perico → Padre Buodo Acc,849450.002993,,5,
ROSARIO - SFE → PUERTO MADRYN,848450.001074,0.07094666740677327,5,0
CORDOBA → RAWSON,812906.999773,,5,
COMODORO RIVADAVIA → SANTA ROSA - LPM,688296.001245,,5,
Mendoza → Charata acc - CHA,685348.997957,,5,
LAS GRUTAS → SANTA FE,672299.999859,,5,
LINIERS → SIERRA GRANDE - RNG,654149.9989380001,,5,
LAS GRUTAS → LA PLATA,646800.000923,,5,
Pto Santa Cruz → TRELEW,627770.0008390001,5.696499085648692,5,4
Mendoza → SANTIAGO DEL ESTERO,626640.001537,,5,
SANTA FE → BAHIA BLANCA,623180.0004789999,1.0913203419792092,5,1.5
SIERRA GRANDE - RNG → Retiro Buenos Aires,614890.001412,,5,
COMODORO RIVADAVIA → Cinco Saltos,614459.997923,,5,
BAHIA BLANCA → SANTA FE,612000.000618,0.09647943908650414,5,0
ROSARIO - SFE → VIEDMA,590594.000404,4.074703575565601,5,4
Mendoza → La Quiaca,590240.00154,,5,
LINIERS → COMODORO RIVADAVIA,563099.998976,,5,
RIO CUARTO → PUERTO MADRYN,561833.999723,0.5547333731952478,5,0.6666666666666666
El Talar Terminal → San Juan,553250.000109,4.599129606622527,5,4
SANTIAGO DEL ESTERO → San Juan,538740.002075,,5,
San Martin (MZA) → PARANA,529200.000119,,5,
Caleta Olivia → Choele Choel,525550.000367,2.2516426910064666,5,1.5
PUERTO MADRYN → SANTA ROSA - LPM,524290.000134,,5,
Caleta Olivia → SAN ANTONIO OESTE,511880.000072,0.3111680306640051,5,0.25
Junín → SAN ANTONIO OESTE,489123.99663000007,,5,
Pto San Julian → TRELEW,486822.001672,,5,
SAN LUIS → PUNTA ALTA,462839.998053,1.9563106616050612,5,1.5
LAS GRUTAS → COMODORO RIVADAVIA,431139.99866000004,,5,
VIEDMA → COMODORO RIVADAVIA,413699.999689,,5,
Bariloche → GENERAL ALVEAR,379579.998719,3.807244121512836,5,4
GENERAL ALVEAR → Bariloche,369389.999953,1.3390957405617612,5,1.5
Pigue PARADOR → PUERTO MADRYN,363440.00202400004,,5,
San Martin (MZA) → ROSARIO - SFE,347449.998967,,5,
PUERTO MADRYN → Pigue PARADOR,341855.000848,,5,
Gral San Martin - LPM → Almafuerte - CBA,332780.99782499997,,5,
Buenos Aires → SAN LUIS,332330.00135000004,0.21817382560983134,5,0.25
BAHIA BLANCA → Vicuña Mackenna,325249.998821,,5,
PUERTO MADRYN → Cinco Saltos,319729.99912399997,4.947358540758267,5,4
San Francisco - CBA → SAN LUIS,313949.999992,,5,
PARANA → RIO CUARTO,286650.00234300003,0.6834038258307703,5,0.25
SANTA ROSA - LPM → San Martin (MZA),275640.003401,,5,
ROSARIO - SFE → CORRIENTES,261599.99865199998,0.7358991411194208,5,1.5
Mar del Plata → LINIERS,260830.000863,-0.01110858688750723,5,-0.2857142857142857
San Francisco - CBA → Villa Mercedes - SLU,242870.00119599997,5.007172865726728,5,4
RESISTENCIA → SANTA FE,230749.999464,0.7630653921476631,5,0.6666666666666666
Roque Saenz Peña → TUCUMAN,230500.00181400002,2.9996529460041654,5,4
CORRIENTES → SANTIAGO DEL ESTERO,224878.00062300003,,5,
SAN ANTONIO OESTE → TRELEW,221810.001681,4.000225404550872,5,4
SANTA FE → Junín,221029.00143899999,,5,
Mendoza → Merlo - SLU,199090.000007,0.2513513509942244,5,0
TRELEW → SAN ANTONIO OESTE,184639.99976900002,,5,
Junín → ROSARIO - SFE,156380.999964,,5,
PUERTO MADRYN → SAN ANTONIO OESTE,145709.999397,0.9799706258307471,5,0.6666666666666666
SANTIAGO DEL ESTERO → Las Breñas acc - CHA,143330.002453,,5,
Las Breñas acc - CHA → SANTIAGO DEL ESTERO,136500.002184,,5,
Perico → TUCUMAN,136171.839083,0.3246287836041927,5,0.6666666666666666
Bernasconi Acc → PUNTA ALTA,116549.99828,,5,
Catriel → Villa Regina,116050.000912,1.1671335384409973,5,0.6666666666666666
Las Varillas - CBA → SANTA FE,114450.000449,,5,
PARANA → ROSARIO - SFE,104233.000081,-0.12453384178455129,5,0
General Roca → Cnia 25 de Mayo - LPM,100429.997672,4.815286276591724,5,4
Mendoza → Polvaredas,80850.00112999999,-0.14062498555003053,5,-0.2857142857142857
Villa Mercedes - SLU → RIO CUARTO,70049.999659,1.4339819329035874,5,0.6666666666666666
Barda del Medio Acc → Catriel,67496.002536,0.19048968507155498,5,0.25
RIO CUARTO → Villa Mercedes - SLU,53759.99893,2.199999832500005,5,1.5
Manantiales (Mza) → Mendoza,43050.001308,,5,
Mendoza → Los Zorzales,43050.000587,0.004902024731562483,5,-0.16666666666666666
Catriel → Cnia 25 de Mayo - LPM,35469.999798,,5,
Mendoza → Panamericana,15750.000348999998,4.988593598269478,5,4
CORRIENTES → Caleta Olivia,1364160.000066,,4,
Caleta Olivia → CORRIENTES,1364160.000066,,4,
Caleta Olivia → Salta,1284201.999059,,4,
Lima → Retiro Buenos Aires,1249499.9986989999,,4,
RIO GALLEGOS → SANTIAGO DEL ESTERO,1156992.7903379998,,4,
San Salvador de Jujuy → Caleta Olivia,1122877.99825,,4,
TUCUMAN → RIO GALLEGOS,1068440.999842,2.62034894666682,4,3
Salta → TRELEW,1039520.00025,,4,
TUCUMAN → COMODORO RIVADAVIA,985800.4088590001,,4,
PUNTA ALTA → TUCUMAN,869399.998068,,4,
TUCUMAN → LAS GRUTAS,821540.0004459999,,4,
Buenos Aires → Caleta Olivia,777000.0016109999,2.0204081766663093,4,1
SANTA FE → VIEDMA,757899.999597,,4,
BAHIA BLANCA → CORRIENTES,732923.9982759999,1.2015782965614954,4,1
PARANA → SIERRA GRANDE - RNG,730830.0003600001,,4,
9 de Julio YPF Acc → PUERTO MADRYN,684200.000762,,4,
Lujan Azcuenaga - MZA → PUERTO MADRYN,682443.997812,,4,
CORDOBA → SAN ANTONIO OESTE,673358.560479,6.204007328819179,4,3
General Roca → Caleta Olivia,645560.0006200001,,4,
Caleta Olivia → Buenos Aires,639720.001674,,4,
Buenos Aires → TRELEW,635880.001389,,4,
Retiro Buenos Aires → CDRO RIVADAVIA,630000.001417,-0.3381170981720583,4,-0.5
SANTIAGO DEL ESTERO → BAHIA BLANCA,629999.999396,,4,
BAHIA BLANCA → RESISTENCIA,626159.9983379999,,4,
TRELEW → Buenos Aires,616670.002124,,4,
Vicuña Mackenna → PUERTO MADRYN,613630.000576,,4,
Villa Regina → Caleta Olivia,526370.000851,,4,
Almafuerte - CBA → SAN ANTONIO OESTE,525419.997634,,4,
Mendoza → SAN ANTONIO OESTE,515869.998892,3.037805242877718,4,3
CORRIENTES → LA RIOJA,483840.002132,3.000000020072751,4,3
ROSARIO - SFE → BAHIA BLANCA,468639.998692,3.401615470594248,4,3
Cipolletti - RNG → Mar del Plata,462000.000032,,4,
LINIERS → SAN ANTONIO OESTE,449399.999813,0.43070898859690854,4,0.3333333333333333
PUERTO MADRYN → RIO CUARTO,443913.999819,3.517748855472062,4,3
SAN LUIS → Mar del Plata,411599.999158,-0.23155909942878833,4,-0.2
LA RIOJA → CORRIENTES,403199.999842,,4,
Choele Choel → COMODORO RIVADAVIA,392920.000398,,4,
Roque Saenz Peña → LA RIOJA,373799.998341,5.63943160137922,4,3
San Martin (MZA) → LINIERS,370980.000138,2.983036297096384,4,3
VIEDMA → Buenos Aires,370129.99792999995,1.8893832937957218,4,1
Caleta Olivia → SIERRA GRANDE - RNG,361620.000344,,4,
Retiro Buenos Aires → GENERAL ALVEAR,343980.001582,0.9090909142367734,4,1
Gral San Martin - LPM → CORDOBA,341116.001006,2.716265427929877,4,3
Valparaíso → Mendoza,319199.999546,,4,
PARANA → SAN LUIS,305550.000308,2.890374358455993,4,3
Cinco Saltos → TRELEW,304919.99996,,4,
LINIERS → VIEDMA,302880.000789,3.728805618382909,4,3
Salta → CATAMARCA,302699.998605,-0.3209655004562239,4,-0.3333333333333333
SAN LUIS → El Talar Terminal,291060.00204299996,1.0748503055489744,4,1
General Pico - LPM → San Martin (MZA),289920.001199,1.5101298707310957,4,1
TUCUMAN → RESISTENCIA,286177.999376,2.8999454485763563,4,3
PARANA → Villa Mercedes - SLU,280040.001481,,4,
SANTA FE → Villa Mercedes - SLU,278469.999101,,4,
Mar del Plata → San Martin (MZA),262519.99971,-0.4651072759537075,4,0
Vicuña Mackenna → BAHIA BLANCA,259940.000064,,4,
Eugenio Bustos → General Pico - LPM,240240.000205,,4,
General Pico - LPM → Eugenio Bustos,240240.000205,,4,
SAN LUIS → San Francisco - CBA,239399.998978,,4,
San Martin (MZA) → General Pico - LPM,236780.001938,3.100086615987928,4,3
GENERAL ALVEAR → General Roca,235199.99943199998,2.3589443386842643,4,3
Lujan Azcuenaga - MZA → Catriel,230799.99925300002,2.545314881762596,4,3
RESISTENCIA → SANTIAGO DEL ESTERO,227139.99982,,4,
LA RIOJA → SANTIAGO DEL ESTERO,223066.000791,,4,
CORDOBA → Monte Coman C/C,222449.99978599997,,4,
Villa Mercedes - SLU → Santa Rosa - LPA,222179.999824,4.289999982836429,4,3
Catriel → Lujan Azcuenaga - MZA,215999.99993000002,0.7566688309526901,4,1
Temuco → Santiago,215250.001307,,4,
Cnia 25 de Mayo - LPM → Mendoza,214529.999843,,4,
San Salvador de Jujuy → SANTIAGO DEL ESTERO,209799.998424,,4,
SANTA FE → 9 de Julio YPF Acc,197867.9996,,4,
TUCUMAN → Machagai acc,197840.000567,,4,
TUCUMAN → Roque Saenz Peña,195929.999991,-8.860307203183343e-9,4,0
General Pico - LPM → GENERAL ALVEAR,168870.00031899998,3.504401159086555,4,3
RINCÓN DE LOS SAUCES → Catriel,167999.99922499998,,4,
Eduardo Castex → BAHIA BLANCA,166596.001322,0.9632327219510501,4,1
Mendoza → Santa Isabel - LPM,166429.99988699998,1.2134592246177482,4,1
Eduardo Castex → CORDOBA,157699.99959999998,3.291156454152769,4,3
Catriel → Añelo,152249.99917000002,0.9333333070323815,4,1
TUCUMAN → Quimili PARADOR - SGO,149320.00053000002,,4,
La Toma - SLU → CORDOBA,146430.000204,,4,
Roque Saenz Peña → SANTIAGO DEL ESTERO,139930.000176,,4,
La Paz Acc - ERI → ROSARIO - SFE,139019.998079,,4,
TUCUMAN → Gral Guemes,138199.998262,,4,
RINCÓN DE LOS SAUCES → Acc 25 de Mayo LPM,135460.000734,,4,
Catriel → GENERAL ALVEAR,132409.999334,0.4799373861287482,4,0.3333333333333333
SAN ANTONIO OESTE → PUERTO MADRYN,129170.569811,0.48659881839456764,4,0.3333333333333333
Villa Maria - CBA → SAN LUIS,121800.001767,,4,
CORDOBA → Concaran - SLU,104809.99812199999,0.023535137120514884,4,-0.2
San Juan → SAN LUIS,102279.999487,,4,
SANTA FE → Villa Maria - CBA,100799.999446,0.7451523462482064,4,1
Villa Maria - CBA → SANTA FE,100799.998474,2.4903046862740847,4,3
TUCUMAN → SANTIAGO DEL ESTERO,92799.998427,,4,
Concaran - SLU → CORDOBA,87799.99926499999,-0.28548179541039403,4,-0.3333333333333333
BAHIA BLANCA → Bernasconi Acc,67309.999612,3.2587790212788175,4,3
RIO CUARTO → SAN LUIS,62600.000264,3.41466863311484,4,3
Polvaredas → Mendoza,59220.001219,0.10156256763073422,4,0
La Paz (MZA) → Mendoza,50000.000816,3.000000204800007,4,3
Catriel → Algarrobo del Aguila,47059.999687999996,,4,
NEUQUEN → General Roca,30829.999146,0.08747795125606152,4,-0.2
San Salvador de Jujuy → RIO GALLEGOS,1198368.999295,2.6405888801601938,3,2
LA RIOJA → Metan,201809.998624,,3,
Caleta Olivia → Gral Guemes,951519.999289,,3,
COMODORO RIVADAVIA → GENERAL ALVEAR,931459.999476,,3,
Salta → RIO GALLEGOS,831080.00037,2.997498810872976,3,2
RIO GALLEGOS → TUCUMAN,820457.0005940001,,3,
RAWSON → Mendoza,799690.00057,,3,
SANTIAGO DEL ESTERO → Caleta Olivia,797170.000661,,3,
BAHIA BLANCA → Salta,750650.0016399999,,3,
SANTIAGO DEL ESTERO → COMODORO RIVADAVIA,746550.000646,,3,
RIO GALLEGOS → RIO CUARTO,743238.000537,-0.4828213184292003,3,-0.4
RIO CUARTO → RIO GALLEGOS,743237.99957,0.03472960935428161,3,0
COMODORO RIVADAVIA → Tunuyan - Mza,721680.001794,,3,
COMODORO RIVADAVIA → ROSARIO - SFE,707489.998219,,3,
RIO CUARTO → Pto San Julian,681282.000515,,3,
PUERTO MADRYN → CORRIENTES,641400.99924,,3,
SANTIAGO DEL ESTERO → TRELEW,618990.00088,,3,
Junín → TRELEW,613165.000303,,3,
Mendoza → Oran,604439.999958,,3,
PARANA → TRELEW,594719.999195,,3,
LAS GRUTAS → TUCUMAN,589630.000957,,3,
SIERRA GRANDE - RNG → Mendoza,559140.0005000001,,3,
COMODORO RIVADAVIA → RIO CUARTO,538019.999605,,3,
PUNTA ALTA → TERMAS R HONDO,535500.000733,,3,
Caleta Olivia → LINIERS,519749.998544,,3,
RAWSON → CORDOBA,517369.99899999995,,3,
SANTA ROSA - LPM → COMODORO RIVADAVIA,498628.39891800005,,3,
Rio Colorado → Pto San Julian,494249.999061,,3,
Choele Choel → Mendoza,479110.000361,2.743339337202091,3,2
SAN ANTONIO OESTE → ROSARIO - SFE,462099.99964099994,0.9061958551380863,3,0.5
Tilcara → Mendoza,452549.999866,,3,
VIEDMA → SANTA FE,449130.00071799994,2.9805902819650623,3,2
Catriel → COMODORO RIVADAVIA,436533.00037100003,,3,
Eduardo Castex → COMODORO RIVADAVIA,433219.998922,,3,
COMODORO RIVADAVIA → Catriel,432791.001327,,3,
LA PLATA → SIERRA GRANDE - RNG,420950.00091299997,,3,
TRELEW → RIO CUARTO,408559.99905,,3,
ROSARIO - SFE → SAN ANTONIO OESTE,407369.999788,1.516929041744796,3,2
SANTA FE → LAS GRUTAS,406529.99949,,3,
LA PLATA → LAS GRUTAS,391649.99993,,3,
TRELEW → Pto San Julian,387039.9998,,3,
Mendoza → Metan,386410.001523,,3,
La Quiaca → San Juan,381149.99926,,3,
Pto San Julian → PUERTO MADRYN,375985.00062,2.6323543861699994,3,2
SAN ANTONIO OESTE → LINIERS,370810.000141,,3,
PARANA → BAHIA BLANCA,361199.999419,,3,
PUERTO MADRYN → Pto San Julian,347129.999361,2.353589035921359,3,2
Santo Tome - SFE → Mendoza,346500.002054,2.9759036448239775,3,2
LA RIOJA → RESISTENCIA,342719.999641,0.5518927785202487,3,0.5
San Juan → El Talar Terminal,340829.999013,,3,
SAN ANTONIO OESTE → Mendoza,338566.00006500003,,3,
Añelo → Tunuyan (PLAZA),336000.000245,0.5999999923361907,3,0.5
Angelica Acc R19 → San Martin (MZA),328859.998883,,3,
Cnia 25 de Mayo - LPM → PUERTO MADRYN,315329.998062,,3,
Mendoza → Angelica Acc R19,314999.999625,,3,
Mendoza → Aguilares - TUC,311849.999324,,3,
VIEDMA → Caleta Olivia,310490.000941,,3,
Villa Regina → Mar del Plata,309750.000208,,3,
Angelica Acc R19 → Mendoza,305970.00065299997,,3,
San Martin (MZA) → SANTA FE,303449.99912500003,,3,
Catriel → PUERTO MADRYN,297419.99941,2.7406615309421225,3,2
PUERTO MADRYN → Realico - LPM,296639.99919400003,,3,
BAHIA BLANCA → Almafuerte - CBA,291378.001378,1.989412148644121,3,2
Mendoza → Pilar Bs As,285600.000259,,3,
Buenos Aires → GENERAL ALVEAR,283500.001239,,3,
Mar del Plata → Villa Regina,280349.999515,,3,
CORDOBA → Palpalá,274259.998837,,3,
SAN LUIS → PARANA,270899.999758,,3,
PUNTA ALTA → RIO CUARTO,267750.001532,,3,
RAWSON → Cipolletti - RNG,266070.000162,1.2150349779640526,3,0.5
COMODORO RIVADAVIA → Rio Colorado,265329.999479,,3,
CORDOBA → Gral San Martin - LPM,264630.00084999995,-0.04685924082537767,3,-0.25
Perico → CORDOBA,255789.999798,,3,
CORDOBA → Jacinto Arauz Acc,255386.000123,,3,
VIEDMA → LINIERS,253050.00114900002,,3,
General Roca → GENERAL ALVEAR,244550.000704,2.841501731988467,3,2
San Salvador de Jujuy → San Juan,243599.998826,,3,
Lujan Terminal - BUE → SAN LUIS,241919.999338,,3,
SAN LUIS → Lujan Terminal - BUE,241919.999338,,3,
SIERRA GRANDE - RNG → Pigue PARADOR,241919.997873,,3,
ROSARIO - SFE → San Martin (MZA),236150.000552,,3,
CATAMARCA → San Salvador de Jujuy,227040.000497,0.36540774811380183,3,0.5
Mendoza → Las Varillas - CBA,221339.99985,,3,
CORRIENTES → TUCUMAN,219239.99928599998,1.8999999637037035,3,2
Mendoza → Lujan De Cuyo Saenz Pena Y Patricios,5040.000879,,3,
Eugenio Bustos → Cipolletti - RNG,198240.001869,,3,
RIO CUARTO → SANTIAGO DEL ESTERO,197199.999956,,3,
TERMAS RIO HONDO → RESISTENCIA,196110.001179,,3,
SANTIAGO DEL ESTERO → LA RIOJA,191207.998283,,3,
SANTIAGO DEL ESTERO → Gral Guemes,189432.108754,,3,
San Juan → LA RIOJA,185319.99952,,3,
Tunuyan (PLAZA) → NEUQUEN,182069.99978,,3,
NEUQUEN → Eugenio Bustos,182020.00009,,3,
CATAMARCA → Metan,181769.999884,,3,
Pergamino Terminal → Esquina Acc,179460.00014,,3,
Cipolletti - RNG → Tunuyan - Mza,177219.99943999999,,3,
Palpalá → CORDOBA,172520.000562,,3,
GENERAL ALVEAR → Santa Rosa - LPA,172149.999795,2.0388349412395996,3,2
RIO CUARTO → SANTA FE,166320.00049399998,-0.051442916007702136,3,-0.25
Monte Coman C/C → CORDOBA,164699.99950399998,,3,
RIO CUARTO → PARANA,161700.001415,,3,
TRELEW → Choele Choel,158760.000513,0.6559924849897198,3,0.5
Catriel → Choele Choel,158129.999655,0.9035752793746376,3,0
SAN LUIS → Eduardo Castex,156392.98996799998,0.3373780597659601,3,0
LINIERS → Cnel Pringles Bs As,156240.00164,4.314285800977649,3,2
Villa Regina → TRELEW,152790.000014,-0.36554272536016424,3,-0.25
BAHIA BLANCA → Realico - LPM,151160.00000600002,,3,
PUERTO MADRYN → Rio Colorado,150160.00085,0.9548774383516615,3,0.5
Mendoza → Bell Ville Pdor,148050.000449,-9.408983227016554e-9,3,0
Villa Mercedes - SLU → Buenos Aires,146900.000264,1.855199194547057,3,2
SAN LUIS → ROSARIO - SFE,141750.000044,,3,
SANTA FE → RESISTENCIA,141461.59841200002,,3,
Mina Clavero → San Martin (MZA),139770.000573,,3,
San Martin (MZA) → Mina Clavero,139769.999674,,3,
Vicuña Mackenna → SANTA ROSA - LPM,138614.000987,,3,
PARANA → Goya Terminal,136720.000755,,3,
Huinca Renanco → BAHIA BLANCA,135300.000265,0.3148687981547939,3,0.5
Salta → TERMAS R HONDO,133681.999638,2.4785843915315855,3,2
SIERRA GRANDE - RNG → COMODORO RIVADAVIA,131670.000271,,3,
General Roca → Arroyo Verde - RNG,131241.00028,,3,
BAHIA BLANCA → Eduardo Castex,128927.99937599999,2.336645912388411,3,2
Cnel Pringles Bs As → Retiro Buenos Aires,127050.000176,3.3214285768270164,3,2
BAHIA BLANCA → Villa Regina,126000.001035,,3,
PARANA → Pergamino Terminal,124380.000118,,3,
SANTIAGO DEL ESTERO → Roque Saenz Peña,122880.000331,,3,
Pigue PARADOR → VIEDMA,120590.000145,,3,
CORRIENTES → La Paz Acc - ERI,118760.000652,2.6251526051074454,3,2
VIEDMA → Pigue PARADOR,115700.001061,,3,
LA RIOJA → Perico,115290.00193500001,,3,
LAS GRUTAS → SANTA ROSA - LPM,114575.999435,,3,
Cinco Saltos → GENERAL ALVEAR,107430.0019,0.5000000155124266,3,0.5
Retiro Buenos Aires → Junín,104280.001683,,3,
Canalejas → General Pico - LPM,100799.999389,,3,
Bariloche → Barda del Medio Acc,97650.000933,,3,
SANTIAGO DEL ESTERO → CORRIENTES,97239.99966,,3,
Gancedo acc → CORRIENTES,95560.000844,,3,
Goya Acc → SANTA FE,93500.000895,0.32511337893671965,3,0.5
Mendoza → Concaran - SLU,92190.000049,-0.43208279189642046,3,-0.4
Concaran - SLU → Mendoza,92189.99971199999,-0.5259179255309437,3,-0.5
CORDOBA → Tilisarao - SLU,91349.99980399999,-0.07950422777650062,3,-0.25
Tilisarao - SLU → CORDOBA,90929.998272,0.9240371978808758,3,0.5
La Paz Acc - ERI → CORRIENTES,83550.000078,,3,
CORDOBA → Villa Ojo de Agua,72779.999951,2.300680301321672,3,2
Naschell - SLU → CORDOBA,71190.00049800001,,3,
Pomona Acc → NEUQUEN,69299.998933,0.6500000013095236,3,0.5
Metan → TUCUMAN,68039.999574,,3,
San Francisco - CBA → PARANA,64260.000795,0.700000033309524,3,0.5
Santa Rosa - LPA → Villa Iris Acc,64169.999871,,3,
Nueva Galia - SLU → General Pico - LPM,59850.000316,,3,
SAN LUIS → Merlo - SLU,59649.999464,2.1728723883676166,3,2
SANTA ROSA - LPM → Gral San Martin - LPM,56700.001116,,3,
Cnia 25 de Mayo - LPM → General Roca,55329.999566000006,2.2038217017869073,3,2
Santa Isabel - LPM → Catriel,54499.999662999995,-0.14348578338764736,3,-0.25
Catriel → Plottier,53880.000781,1.9999999723273951,3,2
NEUQUEN → Chimpay,52265.001040999996,,3,
Gral San Martin - LPM → BAHIA BLANCA,48290.000404000006,0.708775660526546,3,0.5
Roque Saenz Peña → CORRIENTES,42840.000895,,3,
TUCUMAN → Rosario de la Frontera,40229.99948,,3,
Catriel → Barda del Medio Acc,31399.999621000003,-0.4912508098543523,3,-0.25
Cnia 25 de Mayo - LPM → Cinco Saltos,30570.000133,,3,
Los Zorzales → Mendoza,25830.000118000004,0.8088235153814471,3,0.5
San Salvador de Jujuy → Gral Guemes,23519.999950999998,,3,
Lujan Azcunaga Y Bufano → El Salto,20160.000743,,3,
Chacritas → Mendoza,20159.999547,-0.3967684200953105,3,-0.5
Vistalba → El Salto,20159.99954,,3,
SAN LUIS → Villa Mercedes - SLU,18900.000772,1.9999998520635052,3,2
Mendoza → Vistalba,8930.000712000001,,3,
Luis Piedrabuena → CORDOBA,1049580.001088,,3,
Pto San Julian → RESISTENCIA,902580.000729,,2,
Almafuerte - CBA → SANTIAGO DEL ESTERO,139659.999145,,2,
CORRIENTES → PUERTO MADRYN,753480.000027,1.349117932018103,2,1
Metan → Caleta Olivia,642599.9994409999,,2,
Caleta Olivia → SANTIAGO DEL ESTERO,642180.0003589999,,2,
COMODORO RIVADAVIA → CORRIENTES,640080.001203,,2,
SANTIAGO DEL ESTERO → RIO GALLEGOS,639194.218889,,2,
RIO CUARTO → Fitz Roy,616980.000995,,2,
CORRIENTES → Pigue PARADOR,613729.9998369999,,2,
RAWSON → RESISTENCIA,609243.00047,,2,
Buenos Aires → Lima,541939.999692,,2,
TUCUMAN → TRELEW,541800.000767,2.2165756495527793,2,1
San Salvador de Jujuy → COMODORO RIVADAVIA,537320.001085,,2,
PUERTO MADRYN → RESISTENCIA,512090.000595,,2,
GRAL. CONESA - RNG → Salta,508267.99953200005,,2,
TRELEW → RESISTENCIA,501700.0011,,2,
Tunuyan - Mza → Caleta Olivia,501700.000977,,2,
RIO GALLEGOS → SAN ANTONIO OESTE,484370.000107,,2,
Empedrado Acc → SIERRA GRANDE - RNG,477460.001294,,2,
Salta → Pto Santa Cruz,474889.999285,,2,
TRELEW → CORRIENTES,451469.999984,,2,
Lima → Buenos Aires,420000.000978,,2,
Eugenio Bustos → PUERTO MADRYN,403970.000152,,2,
BAHIA BLANCA → Rosario de la Frontera,395020.000327,,2,
Pto San Julian → SIERRA GRANDE - RNG,391240.001146,,2,
Caleta Olivia → LA PLATA,388499.999671,,2,
San Salvador de Jujuy → PUERTO MADRYN,388059.999789,,2,
Caleta Olivia → Tunuyan - Mza,386705.999452,,2,
PARANA → LAS GRUTAS,383039.99926,,2,
Caleta Olivia → Azul (Hotel La Estrella),382940.00005000003,,2,
SANTIAGO DEL ESTERO → Villa Iris Acc,374440.00028,,2,
Villa Iris Acc → SANTIAGO DEL ESTERO,374440.00028,,2,
RESISTENCIA → BAHIA BLANCA,371899.999405,-0.12279460463685704,2,0
BAHIA BLANCA → Goya Terminal,358479.999813,,2,
Mendoza → Las Breñas acc - CHA,354699.999952,,2,
RAWSON → ROSARIO - SFE,352380.00003700005,,2,
Mendoza → Choele Choel,351120.000378,0.5506094331662674,2,0
CORRIENTES → Mendoza,346499.999895,3.2307692271625816,2,1
PARANA → VIEDMA,342930.00042399997,1.998950608818601,2,1
PUERTO MADRYN → Tunuyan - Mza,341221.99877,,2,
RAWSON → Buenos Aires,340730.000181,3.2143475897283356,2,1
PUERTO MADRYN → Pergamino Terminal,338319.999449,,2,
PUNTA ALTA → SANTIAGO DEL ESTERO,336000.000326,,2,
TARIJA (BOL) → LINIERS,335999.999002,,2,
Caleta Olivia → GRAL. CONESA - RNG,333480.000794,,2,
GENERAL ALVEAR → PUERTO MADRYN,324880.000302,,2,
Junín → LAS GRUTAS,321520.000904,,2,
PUERTO MADRYN → Vicuña Mackenna,318159.99974400003,,2,
BAHIA BLANCA → SANTIAGO DEL ESTERO,315000.00093900005,,2,
CORRIENTES → VIEDMA,313039.99962400005,,2,
San Martin (MZA) → Monte Hermoso,312899.99991,,2,
SIERRA GRANDE - RNG → ROSARIO - SFE,301359.998593,,2,
LAS GRUTAS → PARANA,294640.000718,,2,
Huinca Renanco → PUERTO MADRYN,287919.999704,,2,
PUERTO MADRYN → Huinca Renanco,287919.999704,,2,
Gral San Martin - LPM → San Martin (MZA),287279.999821,,2,
PUERTO MADRYN → Junín,284059.99891,,2,
Mendoza → Palpalá,283500.00026799995,,2,
CORRIENTES → San Juan,283500.000139,,2,
Junín → CORRIENTES,281619.99996100005,,2,
9 de Julio YPF Acc → LAS GRUTAS,269020.00115,,2,
LAS GRUTAS → 9 de Julio YPF Acc,269020.00115,,2,
GENERAL ALVEAR → Mar del Plata,264599.999292,,2,
Mar del Plata → GENERAL ALVEAR,264599.999292,,2,
PUNTA ALTA → Villa Atuel - SRA,260399.999876,,2,
Caleta Olivia → Cinco Saltos,255360.001391,,2,
San Juan → La Quiaca,254099.999567,,2,
SAN ANTONIO OESTE → GENERAL ALVEAR,252839.999462,,2,
Rio Colorado → CORDOBA,252420.000861,,2,
San Juan → San Salvador de Jujuy,243600.00014,,2,
Retiro Buenos Aires → SIERRA GRANDE - RNG,241500.000536,,2,
Caleta Olivia → Villa Regina,238980.000306,,2,
Cinco Saltos → COMODORO RIVADAVIA,231839.99972999998,,2,
Mar del Plata → Cipolletti - RNG,230999.999791,,2,
CORDOBA → GRAL. CONESA - RNG,226380.000593,,2,
PARANA → San Martin (MZA),225749.99936299998,,2,
LA PLATA → SAN ANTONIO OESTE,224699.999104,1.675000004173214,2,1
Eugenio Bustos → Bariloche,217880.00039499998,,2,
COMODORO RIVADAVIA → Villa Regina,211900.000762,,2,
Villa Regina → COMODORO RIVADAVIA,211900.00010499998,,2,
Mendoza → S.P. del Chañar Acc,210000.000602,,2,
CORDOBA → Villa Iris Acc,208959.999504,,2,
COMODORO RIVADAVIA → SAN ANTONIO OESTE,205279.99933199998,,2,
SAN ANTONIO OESTE → Retiro Buenos Aires,204750.00047099998,0.018251446817974654,2,0
Eduardo Castex → TUCUMAN,203619.998893,,2,
GENERAL ALVEAR → Retiro Buenos Aires,196560.000885,2.3555147224719546e-9,2,0
Mendoza → Lujan Terminal - BUE,196350.000498,1.1081168169805335,2,1
VIEDMA → ROSARIO - SFE,195079.999178,-0.5098590998440967,2,-0.3333333333333333
RIO CUARTO → Rio Colorado,191939.999346,,2,
Pergamino Terminal → CORRIENTES,191739.999754,,2,
Realico - LPM → PUERTO MADRYN,191319.998656,,2,
Salta → Villa Ojo de Agua,189839.999373,,2,
LINIERS → Villazon,188999.999108,,2,
Parador Purmamarca → Calama,188999.998798,-0.5000000031455027,2,-0.5
Chimpay Acc → Mar del Plata,186899.99885,,2,
Vicuña Mackenna → LAS GRUTAS,185439.999552,,2,
Aguilares - TUC → La Quiaca,180399.999606,,2,
San Martin (MZA) → Retiro Buenos Aires,178499.99896300002,-0.8385039231725537,2,-0.8461538461538461
Jacinto Arauz Acc → CORDOBA,177039.999943,,2,
LA PLATA → SAN LUIS,173680.000095,,2,
SAN LUIS → LA PLATA,173680.000095,,2,
LA RIOJA → San Pedro de Jujuy,173259.999889,,2,
San Pedro de Jujuy → LA RIOJA,173259.999889,,2,
CORRIENTES → CATAMARCA,172200.000627,,2,
Santa Isabel - LPM → Bariloche,169679.999224,1.5980707220192,2,1
CORDOBA → Bernasconi Acc,169060.001281,-0.24674409369855646,2,-0.3333333333333333
Villa Mercedes - SLU → PARANA,158240.000398,,2,
TRELEW → Cinco Saltos,152460.00069,,2,
Almafuerte - CBA → Gral San Martin - LPM,151620.001419,,2,
La Quiaca → Mendoza,143960.001411,,2,
PUNTA ALTA → SAN LUIS,142799.99872,0.8242207294086529,2,1
Bella Vista - COR → ROSARIO - SFE,142379.999801,1.295711052631278,2,1
Cinco Saltos → PUERTO MADRYN,139859.999792,,2,
Panamericana → Mendoza,5780.00068,,2,
Unión Tnal. SL → Retiro Buenos Aires,138610.000478,0.14383562549891818,2,0
Mendoza → Santo Tome - SFE,137550.000969,,2,
Entre Lagos → Villa la Angostura,136499.999553,,2,
25 De Mayo Acc - MZA → Mendoza,134820.00014,,2,
Jesus Maria Acc → San Salvador de Jujuy,133780.000168,,2,
TRELEW → Villa Regina,132520.00001299998,-0.13266574531851041,2,-0.3333333333333333
Mendoza → Puelen - LPM,132105.710071,,2,
Catriel → SAN ANTONIO OESTE,131040.00096,0.2197710320773459,2,-0.3333333333333333
ROSARIO - SFE → Goya Terminal,130300.00050200001,,2,
9 de Julio YPF Acc → SANTA FE,130200.00079,,2,
Barda del Medio Acc → Mendoza,125170.00051499999,1.4884691666825094,2,1
Vicuña Mackenna → PUNTA ALTA,122859.998847,,2,
Retiro Buenos Aires → Unión Tnal. SL,121179.999341,,2,
Realico - LPM → BAHIA BLANCA,119079.999874,,2,
San Martin (MZA) → Villa Maria - CBA,115499.999929,-0.38376994062407693,2,-0.5
Villa Carlos Paz → San Martin (MZA),113609.99979999999,,2,
Lujan Azcuenaga - MZA → Cnia 25 de Mayo - LPM,112359.999974,,2,
VIEDMA → RAWSON,109520.000413,3.8503101506611306,2,1
Villa la Angostura → Temuco,109199.999786,,2,
Cnel Pringles Bs As → LINIERS,108990.00016200001,,2,
Tunuyan - Mza → SANTA ROSA - LPM,107299.999986,,2,
Temuco → Villa la Angostura,107100.000906,1.428571487994818,2,1
ROSARIO - SFE → Bolivar Acc,103320.00038400001,,2,
Arroyo Verde - RNG → General Roca,102331.999148,,2,
Mendoza → Piedra del Aguila,100070.00014,-0.43476050361100643,2,0
GENERAL ALVEAR → General Pico - LPM,99749.999605,1.6607094983767348,2,1
TERMAS R HONDO → CORDOBA,99340.000034,,2,
La Quiaca → LA RIOJA,98920.00127,,2,
Bell Ville Pdor → Mendoza,98700.000379,,2,
General Pico - LPM → Villa Atuel - SRA,98199.99995900001,,2,
Santa Rosa - LPA → Eugenio Bustos,97079.999397,,2,
Villa Mercedes - SLU → San Francisco - CBA,94500.000733,,2,
TUCUMAN → Charata acc - CHA,94499.99965099999,0.9999999937566136,2,1
RAWSON → BAHIA BLANCA,93819.999503,,2,
RAWSON → General Roca,92354.999095,0.6500803810968728,2,1
Pedro Luro Acc → PUERTO MADRYN,89859.99986,,2,
Villa Las Rosas - CBA → Mendoza,89249.999188,,2,
Las Varillas - CBA → Villa Mercedes - SLU,85470.000726,,2,
Acc 25 de Mayo LPM → Añelo,83999.99939499999,,2,
Pto San Julian → CDRO RIVADAVIA,83999.99919999999,-0.7786578776794445,2,-0.75
PARANA → Bella Vista - COR,83789.999904,,2,
CATAMARCA → La Quiaca,83579.999384,,2,
La Quiaca → CATAMARCA,83579.999384,,2,
SAN ANTONIO OESTE → RAWSON,82310.000719,,2,
Santa Isabel - LPM → Mendoza,80330.00024,0.06836014941135515,2,0
SANTIAGO DEL ESTERO → Palpalá,79800.001287,,2,
BAHIA BLANCA → General Roca,79800.001094,,2,
Villa Mercedes - SLU → Las Varillas - CBA,77700.00032600001,,2,
SANTIAGO DEL ESTERO → San Salvador de Jujuy,76440.000047,,2,
Mendoza → Chepes,74549.998823,-0.3884833198817778,2,-0.3333333333333333
Almafuerte - CBA → SANTA ROSA - LPM,72659.999819,1.404367917052251,2,1
Cinco Saltos → LAS GRUTAS,70979.999733,0.35199999813333355,2,0
Villa Iris Acc → General Pico - LPM,70559.999078,,2,
ROSARIO - SFE → Junín,66601.000032,,2,
CORDOBA → La Toma - SLU,66579.99976800001,,2,
Rio Colorado → RAWSON,65819.998687,,2,
San Martin (MZA) → Tilisarao - SLU,63000.00128,,2,
Santiago → Puerto Montt,62999.999417,,2,
Vedia  Bs. As. → Buenos Aires,62169.999871,1.2007079859764869,2,1
Retiro Buenos Aires → Iriarte Los Reyes,61319.999758000005,1.933971197040913,2,1
Santa Isabel - LPM → NEUQUEN,59220.000027,1.0000000394123616,2,1
GENERAL ALVEAR → Barda del Medio Acc,58155.000885,1.1467331445182725,2,1
SGO DEL ESTERO → CORDOBA,58030.000592,-0.8196257601979298,2,-0.75
Gral Guemes → TUCUMAN,57959.999989,1.2080000492083822,2,1
SANTA ROSA - LPM → LAS GRUTAS,56825.999628,,2,
PARANA → Las Varillas - CBA,56700.000088,1.3783556951207505,2,1
Buenos Aires → Vedia  Bs. As.,56500.001080999995,,2,
Villa Iris Acc → Santa Rosa - LPA,54600.001069,,2,
PUERTO MADRYN → Pedro Luro Acc,54599.99897,,2,
VIEDMA → Arroyo Verde - RNG,54400.00104,1.084291283886029,2,1
Villa Regina → Cnia 25 de Mayo - LPM,53979.999261,,2,
Villa Ojo de Agua → CORDOBA,53559.998634,-0.3252708673852362,2,-0.3333333333333333
San Martin (MZA) → Villa Mercedes - SLU,52500.000294,,2,
Mendoza → Tilisarao - SLU,52499.999443,,2,
San Juan → Aeropuerto MENDOZA,52499.998828,,2,
Almafuerte - CBA → Villa Mercedes - SLU,52299.999697,,2,
GENERAL ALVEAR → Cnia 25 de Mayo - LPM,51239.999492999996,0.9999999642076504,2,1
Pozo del Molle Acc → SANTA FE,50820.000847,1.1607143264114128,2,1
Puelen - LPM → GENERAL ALVEAR,48519.999348,,2,
Arroyo Verde - RNG → VIEDMA,48299.998842,,2,
CORRIENTES → Las Breñas acc - CHA,47970.000355,-0.25011724163205806,2,-0.3333333333333333
Choele Choel → Cipolletti - RNG,47259.999882,,2,
Villa Regina → Catriel,46419.999978,0.30028006815874725,2,0
CORRIENTES → Corzuela,44669.999811,0.12518889187947432,2,0
General Pico - LPM → Nueva Galia - SLU,43889.998728,,2,
SANTA FE → Las Varillas - CBA,42000.000023,,2,
Villa Dolores - CBA → SAN LUIS,41790.001206,,2,
Cinco Saltos → SIERRA GRANDE - RNG,41650.001095,,2,
Tilcara → Salta,40120.000503,-0.44555001210635725,2,-0.3333333333333333
CORDOBA → Naschell - SLU,39010.000318000006,,2,
Esquina Acc → RESISTENCIA,34310.000966,-0.17484366220859748,2,0
Gral San Martin - LPM → SANTA ROSA - LPM,33080.000575,,2,
SAN LUIS → RIO CUARTO,32559.999907,0.14809586653658244,2,0
NEUQUEN → Puelen Acc,31500.000757,,2,
Pergamino Terminal → ROSARIO - SFE,31259.999667999997,-1.0268714116492262e-8,2,0
Cnia 25 de Mayo - LPM → Cipolletti - RNG,30559.999849,1.7188610852601336,2,1
SANTA ROSA - LPM → Villa Iris Acc,30239.998698,,2,
Machagai acc → CORRIENTES,21840.000483,,2,
CORRIENTES → Machagai acc,21839.999646,,2,
Salta → Tilcara,20059.998897,-0.7227750286339248,2,-0.3333333333333333
Algarrobo del Aguila → Catriel,18915.001109999997,0.8562316793918479,2,1
Mendoza → Manantiales,17220.000232,,2,
El Chocon → Cinco Saltos,13660.001394,,2,
Las Vegas → Lujan Azcunaga Y Bufano,13439.999108,,2,
Lujan Azcunaga Y Bufano → Las Vegas,13439.999108,,2,
General Roca → Cinco Saltos,13130.00018,0.006130286926615884,2,0
Cinco Saltos → General Roca,13020.000773,,2,
San Francisco - CBA → Angelica Acc R19,12600.001355,,2,
El Salto → Vistalba,12289.99913,,2,
Chacritas → Lujan Azcunaga Y Bufano,10079.998708,,2,
RESISTENCIA → Empedrado Acc,8320.000088,,2,
RESISTENCIA → Pto San Julian,902579.998724,,2,
Palpalá → Luis Piedrabuena,573619.999787,,1,
Realico - LPM → Mendoza,73500.000092,,1,
RIO GALLEGOS → San Salvador de Jujuy,434599.999434,,1,
Rosario de la Frontera → RIO GALLEGOS,406139.999449,,1,
SANTA FE → Pto San Julian,386929.999366,,1,
Perico → Caleta Olivia,370019.999478,,1,
COMODORO RIVADAVIA → PARANA,353850.000721,,1,
PARANA → COMODORO RIVADAVIA,353850.000721,,1,
CORRIENTES → LAS GRUTAS,348180.000375,,1,
LAS GRUTAS → CORRIENTES,348180.000375,,1,
Almafuerte - CBA → Pto San Julian,346399.999289,,1,
RIO GALLEGOS → Almafuerte - CBA,334666.000105,,1,
TUCUMAN → Luis Piedrabuena,323399.999926,,1,
Caleta Olivia → Metan,321299.999631,,1,
COMODORO RIVADAVIA → RESISTENCIA,320040.000195,,1,
Caleta Olivia → Rosario de la Frontera,317099.999581,,1,
SIERRA GRANDE - RNG → Salta,316050.000499,,1,
Padre Buodo Acc → RIO GALLEGOS,315529.999839,0.7555680410611065,1,0
Metan → RIO GALLEGOS,310776.999905,,1,
Junín → COMODORO RIVADAVIA,306600.000615,,1,
COMODORO RIVADAVIA → Junín,306599.999638,,1,
GENERAL ALVEAR → COMODORO RIVADAVIA,302400.000255,,1,
PUNTA ALTA → Metan,302299.999996,,1,
Metan → PUNTA ALTA,302299.999659,,1,
Caleta Olivia → TUCUMAN,300620.000422,,1,
SAN ANTONIO OESTE → CORRIENTES,300200.000001,-0.5631039719561542,1,-0.75
RAWSON → PARANA,292639.999292,,1,
Perico → BAHIA BLANCA,286650.000606,,1,
COMODORO RIVADAVIA → Metan,283710.00034,,1,
RAWSON → CORRIENTES,273720.000332,,1,
Mendoza → SIERRA GRANDE - RNG,271849.999803,,1,
PARANA → Caleta Olivia,263659.999845,,1,
TRELEW → San Salvador de Jujuy,263240.000388,,1,
Eduardo Castex → Pto San Julian,263240.000192,,1,
Caleta Olivia → San Salvador de Jujuy,261674.999535,,1,
Caleta Olivia → Villa Ojo de Agua,258510.000177,,1,
ROSARIO - SFE → Caleta Olivia,256829.99956,,1,
Eduardo Castex → RIO GALLEGOS,255679.99962,,1,
SIERRA GRANDE - RNG → PARANA,254840.000724,,1,
Salta → Jacinto Arauz Acc,254787.369372,,1,
RESISTENCIA → VIEDMA,254520.000707,,1,
VIEDMA → RESISTENCIA,254520.000707,,1,
PUERTO MADRYN → Salta,252840.000265,,1,
LAS GRUTAS → Eugenio Bustos,248749.999364,,1,
San Salvador de Jujuy → SANTA ROSA - LPM,245389.999802,,1,
RAWSON → Empedrado Acc,244759.999768,,1,
RESISTENCIA → PUERTO MADRYN,243810.000257,0.25005127325550275,1,0
Salta → Luis Piedrabuena,234584.999552,,1,
GENERAL ALVEAR → Caleta Olivia,234470.000508,,1,
Caleta Olivia → GENERAL ALVEAR,234469.999661,,1,
Metan → PUERTO MADRYN,234150.000499,,1,
Almafuerte - CBA → RIO GALLEGOS,234032.00021,,1,
Palpalá → SANTA ROSA - LPM,233000.000074,,1,
Salta → GRAL. CONESA - RNG,231031.999744,,1,
PUNTA ALTA → Salta,230999.999378,,1,
TUCUMAN → Caleta Olivia,227617.00071,-0.49999999924324634,1,-0.5
SANTA ROSA - LPM → San Salvador de Jujuy,227119.999513,,1,
RAWSON → TUCUMAN,224699.999869,,1,
Salta → BAHIA BLANCA,220500.000156,,1,
SAN ANTONIO OESTE → RIO GALLEGOS,218609.999461,0.5600291127948166,1,0
Mendoza → RAWSON,216089.999932,,1,
SANTA ROSA - LPM → Palpalá,215670.000221,,1,
RESISTENCIA → SAN ANTONIO OESTE,214729.999548,,1,
CORRIENTES → RAWSON,202129.999397,,1,
PUERTO MADRYN → LINIERS,201290.000361,0.27803174481023657,1,-0.5
PARANA → RAWSON,200660.000547,,1,
SANTIAGO DEL ESTERO → PUERTO MADRYN,199290.000354,,1,
Caleta Olivia → Daireaux Acc,197819.999305,,1,
LINIERS → Caleta Olivia,194249.999631,,1,
RAWSON → SANTA FE,194249.999465,,1,
SANTA FE → RAWSON,194249.999465,,1,
Pergamino Terminal → TRELEW,191802.00066,,1,
Junín → PUERTO MADRYN,186060.000149,,1,
CORDOBA → Garayalde,183539.999563,,1,
COMODORO RIVADAVIA → Eduardo Castex,181759.999937,,1,
San Salvador de Jujuy → RIO CUARTO,179969.999351,,1,
Eugenio Bustos → LAS GRUTAS,179413.000431,,1,
Goya Terminal → TRELEW,178660.000022,,1,
Las Breñas acc - CHA → Mendoza,177350.000125,,1,
Gral Guemes → SIERRA GRANDE - RNG,177149.999404,,1,
Junín → Goya Terminal,177140.000547,,1,
SANTA ROSA - LPM → Salta,175415.000683,,1,
COMODORO RIVADAVIA → Almafuerte - CBA,174090.000451,,1,
COMODORO RIVADAVIA → LA PLATA,173250.000343,,1,
ROSARIO - SFE → Pedro Luro Acc,172520.000198,,1,
CORDOBA → Pto Santa Cruz,172334.999596,-0.21991064941141214,1,0
San Salvador de Jujuy → SAN ANTONIO OESTE,171869.999814,,1,
SAN ANTONIO OESTE → RESISTENCIA,171780.000605,,1,
TRELEW → GENERAL ALVEAR,171050.000329,,1,
SANTIAGO DEL ESTERO → PUNTA ALTA,167999.999796,,1,
LAS GRUTAS → Buenos Aires,166949.999891,,1,
Almafuerte - CBA → Caleta Olivia,166528.000626,,1,
PUERTO MADRYN → ROSARIO - SFE,166429.999958,-0.8421054629314316,1,-0.8333333333333334
BAHIA BLANCA → Perico,165380.000642,,1,
Salta → SANTA ROSA - LPM,163909.999941,,1,
LINIERS → TRELEW,163800.000572,,1,
TRELEW → LA PLATA,163799.999324,-0.7176543608101807,1,-0.8333333333333334
PARANA → SAN ANTONIO OESTE,159810.000581,-0.0762748064356404,1,0
GRAL. CONESA - RNG → SANTIAGO DEL ESTERO,159809.999746,,1,
Caleta Olivia → SANTA ROSA - LPM,156980.000025,,1,
Realico - LPM → COMODORO RIVADAVIA,152399.999799,,1,
Santa Isabel - LPM → RAWSON,151296.74067,,1,
Retiro Buenos Aires → TARIJA (BOL),146999.999732,,1,
Mendoza → Monteros,146779.99935,,1,
Almafuerte - CBA → PUNTA ALTA,146270.000682,0.4095596105183415,1,0
Charata acc - CHA → Mendoza,145820.000517,,1,
Almafuerte - CBA → COMODORO RIVADAVIA,145070.000018,,1,
RIO CUARTO → SAN ANTONIO OESTE,144379.999913,,1,
VIEDMA → PARANA,143009.999315,0.01584030827413385,1,0
RESISTENCIA → San Juan,141750.000618,,1,
CORDOBA → Luis Piedrabuena,141200.000575,,1,
SAN ANTONIO OESTE → Pto San Julian,136709.999919,0.32169962581919614,1,0
Rio Colorado → LINIERS,136499.999714,,1,
Retiro Buenos Aires → Rio Colorado,136499.999589,,1,
Rio Colorado → Retiro Buenos Aires,136499.999589,,1,
PUERTO MADRYN → Pto Santa Cruz,135029.999398,-0.3399325439677937,1,-0.5
Pto Santa Cruz → PUERTO MADRYN,135029.999398,-0.42603195735074795,1,-0.5
Pto San Julian → SAN ANTONIO OESTE,134472.000192,-2.134273317493575e-9,1,0
Pergamino Terminal → VIEDMA,133769.999546,,1,
Metan → Mendoza,132830.000588,-0.20920401959163681,1,0
San Juan → Salta,129680.000479,,1,
TRELEW → Pergamino Terminal,128760.000522,,1,
Villa Iris Acc → CORDOBA,127580.000439,0.32248368452389353,1,0
Añelo → Eugenio Bustos,126000.00065,0.20000000687619057,1,0
Lujan Azcuenaga - MZA → Añelo,126000.000017,-3.7857143398119265e-9,1,0
Lujan Azcuenaga - MZA → RINCÓN DE LOS SAUCES,125999.999492,,1,
S.P. del Chañar Acc → Lujan Azcuenaga - MZA,125999.999291,,1,
Esquina Acc → Junín,125900.000034,,1,
Junín → Esquina Acc,125900.000034,,1,
Mendoza → Villa Iris Acc,124949.999434,,1,
Villa Iris Acc → Mendoza,124949.999434,,1,
RESISTENCIA → 9 de Julio YPF Acc,123990.000413,,1,
9 de Julio YPF Acc → RESISTENCIA,123989.999395,,1,
TRELEW → Pto Santa Cruz,121870.99997,,1,
TRELEW → Junín,120379.999617,,1,
Luis Piedrabuena → TRELEW,118969.999897,-0.33947388996563843,1,-0.5
PUERTO MADRYN → Catriel,118129.999443,0.7559532679883634,1,0
Metan → San Juan,115500.000635,,1,
TUCUMAN → Realico - LPM,114890.000334,,1,
Padre Buodo Acc → COMODORO RIVADAVIA,114869.999401,,1,
Caucete → Buenos Aires,113609.999898,,1,
SAN ANTONIO OESTE → LA PLATA,112350.000528,,1,
Padre Buodo Acc → Caleta Olivia,112236.999516,,1,
J B Alberdi → Mendoza,110910.060007,,1,
Chamical - LRI → Oran,107230.000622,,1,
PUNTA ALTA → San Martin (MZA),107100.000147,0.056734096326455284,1,0
Concepcion - TUC → Mendoza,106580.000227,0.47332044590101463,1,0
Tunuyan (PLAZA) → Añelo,105000.000218,-1.8952381056636436e-9,1,0
CORRIENTES → Pergamino Terminal,103849.999821,,1,
RESISTENCIA → CATAMARCA,103320.000666,,1,
CATAMARCA → RESISTENCIA,103320.000244,,1,
Monte Hermoso → SAN LUIS,102899.999986,,1,
General Roca → Mar del Plata,102899.999478,,1,
Mar del Plata → General Roca,102899.999478,,1,
Daireaux Acc → Esquina Acc,101979.999435,,1,
Rio Colorado → COMODORO RIVADAVIA,101640.000647,,1,
Junín → VIEDMA,101639.999521,,1,
VIEDMA → Junín,101639.999521,,1,
RESISTENCIA → LA RIOJA,100799.999658,0.14104594860797526,1,0
SAN ANTONIO OESTE → RIO CUARTO,100490.000257,,1,
San Juan → LINIERS,98809.999766,,1,
Buenos Aires → Caucete,98809.999612,,1,
Acc Villa Atuel → LINIERS,98280.000052,,1,
LINIERS → Acc Villa Atuel,98280.000052,,1,
Rio Colorado → RIO CUARTO,95969.999673,,1,
GENERAL ALVEAR → Buenos Aires,94500.000292,,1,
LA PLATA → VIEDMA,94499.999399,,1,
Calama → Parador Purmamarca,94499.999326,,1,
El Talar Terminal → Mendoza,93140.000097,,1,
SAN LUIS → Villa Iris Acc,92490.000124,,1,
Almafuerte - CBA → TUCUMAN,92089.999339,,1,
Plottier → Eugenio Bustos,91249.999681,,1,
Vicuña Mackenna → SAN ANTONIO OESTE,90409.999423,0.016413703907415318,1,0
Pergamino Terminal → Goya Terminal,89780.000086,,1,
San Martin (MZA) → Buenos Aires,89249.999419,,1,
LA RIOJA → Palpalá,88730.000048,,1,
Almafuerte - CBA → Palpalá,88619.999704,,1,
RIO CUARTO → Villa Iris Acc,88520.000148,,1,
Las Varillas - CBA → Mendoza,88199.999504,,1,
Mendoza → Eduardo Castex,87150.000462,,1,
Buenos Aires → VIEDMA,86629.999944,0.3525370936377014,1,0
CATAMARCA → CORRIENTES,86100.000534,,1,
Mendoza → Pozo del Molle Acc,86099.999713,,1,
La Paz Acc - ERI → Pergamino Terminal,86000.000487,,1,
Añelo → GENERAL ALVEAR,85049.999801,5.2439740658229614e-9,1,0
SIERRA GRANDE - RNG → LA PLATA,83999.999528,,1,
Mendoza → Loreto - SGO,83060.000587,,1,
Santo Tome - SFE → SAN LUIS,82950.000453,-3.6166289610100366e-11,1,0
Villa Mercedes - SLU → PUNTA ALTA,81900.000155,,1,
San Martin (MZA) → LA PLATA,81899.9999,-0.1666666692782527,1,0
PUNTA ALTA → Villa Mercedes - SLU,81899.999376,,1,
Santa Rosa - LPA → Tunuyan - Mza,81779.999566,,1,
Villa Iris Acc → Vicuña Mackenna,81480.000176,,1,
SAN LUIS → Pilar Bs As,80640.00022,0.14970059616916723,1,0
Tilcara → LA RIOJA,79070.000375,,1,
Villa Atuel - SRA → RINCÓN DE LOS SAUCES,78750.000555,,1,
Cipolletti - RNG → RAWSON,78120.000651,0.3006993227999275,1,0
Buenos Aires → San Martin (MZA),77600.000086,,1,
Lujan Terminal - BUE → San Juan,77179.999843,,1,
San Juan → Lujan Terminal - BUE,77179.999843,,1,
RESISTENCIA → Pergamino Terminal,76680.000654,1.451486714109001e-8,1,0
Mendoza → Vedia  Bs. As.,76440.000378,,1,
ROSARIO - SFE → Daireaux Acc,74097.000567,-0.3950277543776006,1,-0.5
San Martin (MZA) → SANTA ROSA - LPM,73500.000682,,1,
Las Cuevas → Penitentes,2519.999935,,1,
San Martin (MZA) → Realico - LPM,73079.999291,,1,
General Roca → RAWSON,72770.000624,0.3001608048875054,1,0
TRELEW → GRAL. CONESA - RNG,72450.000265,,1,
SANTA FE → Bolivar Acc,71610.000539,,1,
Eduardo Castex → Tunuyan - Mza,71400.000407,,1,
Tunuyan - Mza → Eduardo Castex,71400.000407,,1,
Villa Mercedes - SLU → LINIERS,71300.000397,-0.4225785583761999,1,-0.5
GENERAL ALVEAR → Añelo,70879.999713,,1,
Barda del Medio Acc → TRELEW,70875.999319,,1,
Salta → Concepcion - TUC,70296.000397,,1,
TUCUMAN → La Quiaca,70140.000626,,1,
PUERTO MADRYN → Almafuerte - CBA,69902.99979,,1,
BAHIA BLANCA → RAWSON,69830.000609,,1,
Goya Terminal → Pergamino Terminal,68989.999895,,1,
Jesus Maria Acc → Perico,68670.000594,,1,
LINIERS → La Paz (MZA),67199.999674,,1,
SAN LUIS → Moreno Las Piedras,67199.999332,,1,
Lujan Azcuenaga - MZA → Barda del Medio Acc,65100.000577,,1,
General Pico - LPM → Las Catitas acc Mza,65099.99966,,1,
Las Catitas acc Mza → General Pico - LPM,65099.99966,,1,
9 de Julio YPF Acc → VIEDMA,64729.999731,,1,
VIEDMA → 9 de Julio YPF Acc,64729.999731,,1,
LA PLATA → Villa Mercedes - SLU,64579.999779,,1,
Villa Mercedes - SLU → SANTA FE,64049.99991,,1,
Cipolletti - RNG → Arroyo Verde - RNG,63629.999575,,1,
Santa Rosa - LPA → GENERAL ALVEAR,62999.999548,0.11209177114120346,1,0
ROSARIO - SFE → Bella Vista - COR,62269.999752,,1,
SANTA FE → Goya Terminal,61640.000012,,1,
Eugenio Bustos → Plottier,61430.000301,9.262575385549688e-9,1,0
SAN ANTONIO OESTE → Buenos Aires,61429.999877,-0.5375291711189708,1,0
Aeropuerto MENDOZA → CORDOBA,60689.999768,,1,
Pedro Luro Acc → SAN ANTONIO OESTE,60606.999346,0.45201242066344594,1,0
Tunuyan - Mza → Cipolletti - RNG,60060.000349,,1,
ROSARIO - SFE → 9 de Julio YPF Acc,59960.000369,,1,
Realico - LPM → LAS GRUTAS,59210.00055,,1,
RESISTENCIA → TUCUMAN,58699.99957,-0.6000272599344766,1,-0.5
Tunuyan - Mza → Catriel,57750.000596,-0.0019011296936752187,1,0
Santiago → Temuco,57750.000342,,1,
TUCUMAN → Almafuerte - CBA,57439.999534,,1,
SIERRA GRANDE - RNG → Cinco Saltos,56909.999675,,1,
CORDOBA → Padre Buodo Acc,56599.999405,,1,
Santa Rosa - LPA → Villa Mercedes - SLU,55649.999493,0.3250000011154764,1,0
Realico - LPM → TRELEW,55303.000242,-0.5454410913327009,1,0
TRELEW → Realico - LPM,55303.000242,,1,
CORDOBA → SGO DEL ESTERO,55130.00033,-0.7295905346431104,1,-0.75
RAWSON → Choele Choel,54919.999783,0.30111348996535936,1,0
Cnia 25 de Mayo - LPM → SAN ANTONIO OESTE,54670.000679,,1,
Salta → Aguilares - TUC,54080.000452,,1,
Rio Colorado → TRELEW,52500.000656,,1,
Bariloche → Frutillar,52499.999434,,1,
TUCUMAN → LA RIOJA,52479.999762,0.20146520641377846,1,0
LA RIOJA → TUCUMAN,52479.999641,-0.11813141551230809,1,0
CORDOBA → Emb. Martini Acc,52290.000599,,1,
Catriel → Tunuyan - Mza,50300.000468,,1,
Piedra del Aguila → Mendoza,50034.999768,-0.8586901269033297,1,-0.75
Pergamino Terminal → RESISTENCIA,49843.000316,,1,
Choele Choel → GENERAL ALVEAR,49520.999491,,1,
GENERAL ALVEAR → Choele Choel,49520.999491,,1,
LA RIOJA → La Quiaca,49460.000635,,1,
Machagai acc → TUCUMAN,49459.999668,,1,
Lujan Azcuenaga - MZA → General Roca,49440.000233,,1,
Puelen - LPM → Mendoza,49250.000162,,1,
Acc 25 de Mayo LPM → Mendoza,48830.000441,,1,
RIO CUARTO → Pilar Bs As,48830.000138,,1,
acc Berrotaran → San Martin (MZA),47879.999524,,1,
RIO CUARTO → Villa Ojo de Agua,47569.999676,,1,
Lujan Terminal - BUE → Villa Mercedes - SLU,47360.000581,,1,
RIO CUARTO → Santo Tome - SFE,47250.000494,,1,
Rio Colorado → PUERTO MADRYN,47250.000056,0.17440906530624561,1,0
PUNTA ALTA → SANTA ROSA - LPM,47249.9997,,1,
ROSARIO - SFE → SAN LUIS,47249.999563,,1,
RIO GALLEGOS → TRELEW CUSTOM ANDESMAR AR,47100.000479,,1,
SAN ANTONIO OESTE → Catriel,46620.00056,-0.5660429961697274,1,-0.6666666666666666
Picun Leufu Acc → Mendoza,45524.999854,,1,
VIEDMA → CDRO RIVADAVIA,45150.000385,,1,
Goya Terminal → SANTA FE,44630.000436,,1,
Junín → SANTA FE,43549.999687,,1,
Goya Acc → ROSARIO - SFE,43470.00069,,1,
Goya Terminal → ROSARIO - SFE,43470.000317,,1,
Villa Regina → BAHIA BLANCA,43050.000633,,1,
Choele Choel → RAWSON,42209.99937,,1,
SANTA FE → Pergamino Terminal,42110.000201,,1,
San Juan → Chamical - LRI,42000.000124,,1,
Acc 25 de Mayo LPM → RINCÓN DE LOS SAUCES,41999.999833,,1,
CDRO RIVADAVIA → Pto San Julian,41999.999677,-0.9038461545389547,1,-0.8888888888888888
Monte Coman C/C → RIO CUARTO,41999.999521,,1,
RIO CUARTO → Monte Coman C/C,41999.999304,-6.619047673625074e-9,1,0
Bolivar Acc → ROSARIO - SFE,41309.999887,,1,
Bariloche → Catriel,41270.000608,-0.7590354378281042,1,-0.75
Cipolletti - RNG → SAN ANTONIO OESTE,40950.000503,,1,
General Roca → SAN ANTONIO OESTE,40949.999911,,1,
CORDOBA → Winifreda Acc,40009.999494,,1,
Palpalá → SANTIAGO DEL ESTERO,39899.999532,,1,
Chepes → Mendoza,39899.999511,,1,
Winifreda Acc → BAHIA BLANCA,39689.999401,,1,
Chimpay → PUERTO MADRYN,39590.000668,,1,
General Roca → Algarrobo del Aguila,39479.999717,,1,
Pomona Acc → Cnia 25 de Mayo - LPM,39401.000219,1.2766173613919784e-8,1,0
Las Breñas acc - CHA → TUCUMAN,39269.999752,,1,
Tilcara → TUCUMAN,38119.999713,,1,
TRELEW → Rio Colorado,38119.999379,,1,
Perico → TERMAS R HONDO,37910.00043,,1,
General Pico - LPM → Villa Iris Acc,36960.000016,,1,
TERMAS R HONDO → Salta,36749.999458,,1,
Mendoza → Terminal Sampacho,36749.999433,,1,
Naschell - SLU → Villa Carlos Paz,36649.999617,,1,
SANTA FE → Goya Acc,35280.000394,4.280045327300023e-9,1,0
San Salvador de Jujuy → CATAMARCA,35180.000203,-0.7884291540359971,1,-0.5
Fitz Roy → COMODORO RIVADAVIA,34649.999652,,1,
Eduardo Castex → Villa Mercedes - SLU,34649.999602,,1,
Humahuaca → Salta,34130.000175,,1,
Villa Mercedes - SLU → Vedia  Bs. As.,33919.999982,,1,
Palpalá → TUCUMAN,33809.999727,,1,
La Paz (MZA) → LINIERS,33600.00056,,1,
General Pico - LPM → Canalejas,33599.999503,,1,
RESISTENCIA → La Paz Acc - ERI,32760.000248,,1,
SANTA ROSA - LPM → PUNTA ALTA,32340.000433,,1,
Santa Rosa - LPA → PUNTA ALTA,32339.999673,,1,
SAN ANTONIO OESTE → Barda del Medio Acc,32029.999879,,1,
TERMAS R HONDO → Perico,31920.000326,,1,
Villa Maria - CBA → PARANA,31709.999684,-0.5353846136563991,1,-0.5
Iriarte Los Reyes → SAN LUIS,31609.999796,,1,
Quimili PARADOR - SGO → Charata acc - CHA,31399.999916,,1,
RIO CUARTO → ROSARIO - SFE,31190.000647,,1,
ROSARIO - SFE → RIO CUARTO,31189.99962,,1,
Villa Mercedes - SLU → San Juan,30869.999872,,1,
RIO CUARTO → San Martin (MZA),30560.000158,,1,
PARANA → Pozo del Molle Acc,30450.000001,,1,
PUNTA ALTA → Bernasconi Acc,30139.999734,,1,
BAHIA BLANCA → Winifreda Acc,29820.000478,,1,
NEUQUEN → Santa Isabel - LPM,29609.999787,-0.49999999465552164,1,-0.5
Algarrobo del Aguila → Mendoza,28559.999562,-0.49999999545693263,1,-0.5
LINIERS → Azul (Hotel La Estrella),28350.000397,,1,
Vedia  Bs. As. → LINIERS,28250.000105,-0.49999998623893777,1,-0.5
Villa Maria - CBA → Santo Tome - SFE,27930.000088,,1,
CATAMARCA → Concepcion - TUC,27929.999391,,1,
Almafuerte - CBA → Eduardo Castex,27734.0005,,1,
Eduardo Castex → Almafuerte - CBA,27734.0005,,1,
SAN LUIS → San Juan,27510.000069,,1,
Vedia  Bs. As. → Villa Mercedes - SLU,27509.999717,,1,
San Martin (MZA) → San Juan,26249.999915,,1,
LAS GRUTAS → Cinco Saltos,26249.999794,-0.5000000049809524,1,-0.5
Salta → Humahuaca,26249.999757,,1,
Tilisarao - SLU → Mendoza,26249.999587,,1,
San Martin (MZA) → Villa Carlos Paz,25829.999798,-0.7360515057636862,1,-0.5
Cnia 25 de Mayo - LPM → GENERAL ALVEAR,25619.999516,-4.519906200852952e-8,1,0
SAN ANTONIO OESTE → Arroyo Verde - RNG,25309.999331,,1,
NEUQUEN → Puelen - LPM,25074.99956,,1,
Charata acc - CHA → CORRIENTES,25069.999394,,1,
Ojo de Agua Acc → CORDOBA,24259.999342,,1,
Cipolletti - RNG → Choele Choel,23629.999941,,1,
Mina Clavero → SAN LUIS,23309.999395,-1.2870017559351236e-10,1,0
SAN LUIS → Mina Clavero,23309.999395,-0.5131579105144989,1,-0.5
RAWSON → VIEDMA,22579.99967,1.0850310252731443e-8,1,0
Bariloche → Picun Leufu Acc,21630.000359,-0.7103254213238771,1,-0.6666666666666666
Villa Maria - CBA → ROSARIO - SFE,21420.000549,,1,
Las Breñas acc - CHA → CORRIENTES,21319.99972,-0.5555555647186898,1,-0.5
Humahuaca → TUCUMAN,21059.999653,,1,
TUCUMAN → Humahuaca,21059.999653,,1,
TUCUMAN → Loreto - SGO,20690.000456,,1,
CATAMARCA → Aguilares - TUC,20579.999834,,1,
Corzuela → CORRIENTES,19849.999869,8.614609686829494e-9,1,0
ROSARIO - SFE → Pergamino Terminal,19530.000409,0.2495201768405166,1,0
PARANA → San Francisco - CBA,18899.999514,1.1640212043995655e-9,1,0
Choele Choel → Cinco Saltos,17849.999656,-1.3501400725054771e-8,1,0
Bernasconi Acc → BAHIA BLANCA,17539.999475,,1,
Bell Ville Pdor → ROSARIO - SFE,17009.999696,,1,
Lujan Azcunaga Y Bufano → Las Cuevas,16170.000246,,1,
Osorno → Puerto Varas,15749.999518,,1,
Cinco Saltos → Puelen - LPM,15749.999363,,1,
TUCUMAN → Metan,15540.000482,-0.17340421108244577,1,0
Lujan Azcunaga Y Bufano → Penitentes,15119.999769,,1,
TERMAS RIO HONDO → TUCUMAN,14810.000685,,1,
Cuyanita Mendoza IDA → Puente del Inca,14279.999948,-0.4999999785539206,1,-0.5
Realico - LPM → Vicuña Mackenna,14279.999774,,1,
Desaguadero (MZA) → Mendoza,13020.000271,-0.14510831079512226,1,0
Mendoza → Desaguadero (MZA),13020.000271,-0.14510831079512226,1,0
Cipolletti - RNG → Cnia 25 de Mayo - LPM,12919.999873,,1,
SANTA ROSA - LPM → Bernasconi Acc,12810.000114,,1,
Palpalá → Salta,12709.999659,,1,
Villa Mercedes - SLU → Monte Coman C/C,12340.0003,,1,
Merlo - SLU → Villa Dolores - CBA,11450.000536,0.43483717949840245,1,0
Cipolletti - RNG → Barda del Medio Acc,11339.999743,,1,
Algarrobo del Aguila → GENERAL ALVEAR,10609.999916,-0.7727077878466228,1,-0.75
SAN LUIS → La Paz (MZA),10500.000585,-0.42212436534863557,1,-0.5
TERMAS R HONDO → TUCUMAN,10399.999743,,1,
La Paz (MZA) → SAN LUIS,9979.999962,,1,
General Roca → NEUQUEN,9769.999955,-0.25134094419887765,1,-0.5
SAN LUIS → Naschell - SLU,9659.99977,,1,
Villa Regina → Barda del Medio Acc,8399.999813,,1,
Barda del Medio Acc → General Roca,7459.999433,,1,
General Roca → Barda del Medio Acc,7349.99987,,1,
Piedras Blancas → Vistalba,7040.000279,,1,
Concaran - SLU → La Toma - SLU,7039.999865,,1,
Vistalba → Piedras Blancas,7039.999537,,1,
Las Vegas → Vistalba,6719.99978,,1,
Gral Guemes → Perico,6300.000506,,1,
Villa Mercedes - SLU → SAN LUIS,6299.999859,-0.23076923070348457,1,0
Empedrado Acc → RESISTENCIA,5249.999618,,1,
Las Avispas → Cuyanita Mendoza IDA,4199.999906,,1,
Vistalba → Mendoza,3150.000568,,1,
Lujan De Cuyo Saenz Pena Y Patricios → Penitenciaria Almafuerte,2520.000505,,1,
Pto San Julian → SANTA FE,564169.999989,,1,